state,year,cigsale,income,retprice,beer,age15to24
California,1970,104.42,43120.37,2.89,63.49,17.2
California,1971,107.31,52022.3,4.27,61.24,17.82
California,1972,101.6,43636.5,2.96,78.25,15.15
California,1973,104.91,48638.9,3.23,96.71,12.84
California,1974,100.83,49121.4,4.46,71.98,15.09
California,1975,99.59,51848.29,2.62,96.45,13.02
California,1976,102.29,53684.66,3.6,67.32,14.97
California,1977,103.49,40687.77,4.77,75.53,15.98
California,1978,105.26,50934.21,2.96,118.18,16.65
California,1979,99.03,58789.98,4.74,95.87,17.53
California,1980,104.83,47773.55,3.18,109.72,14.14
California,1981,104.54,45618.69,3.86,68.46,16.81
California,1982,103.69,40110.44,4.54,102.41,16.37
California,1983,107.82,55425.41,2.69,81.51,12.7
California,1984,107.25,46617.96,2.66,78.66,13.95
California,1985,109.46,54592.12,4.09,113.23,14.83
California,1986,107.88,55215.7,3.9,106.26,14.96
California,1987,105.13,50454.66,3.57,61.53,12.65
California,1988,97.4,50171.41,4.77,74.96,14.46
California,1989,93.42,44575.96,2.69,77.39,12.97
California,1990,97.0,43731.4,4.73,92.36,16.84
California,1991,94.87,46360.07,2.78,73.68,14.56
California,1992,101.26,50214.95,3.54,73.33,12.72
California,1993,99.11,58858.19,3.31,91.13,16.22
California,1994,95.0,45035.65,3.74,78.05,13.71
California,1995,100.75,52191.29,3.76,63.09,13.67
California,1996,99.91,49789.06,4.96,74.52,16.03
California,1997,97.35,44752.75,4.32,82.07,15.79
California,1998,103.17,56706.05,3.3,71.19,12.24
California,1999,104.75,53551.29,2.54,90.73,13.36
California,2000,94.56,47734.71,4.84,68.25,14.05
State_2,1970,88.23,57546.79,3.14,99.6,16.9
State_2,1971,91.15,44837.05,2.73,113.83,17.4
State_2,1972,94.94,52662.03,3.35,80.95,16.36
State_2,1973,89.43,41682.8,2.9,113.91,15.64
State_2,1974,91.48,40183.94,2.75,99.81,12.03
State_2,1975,88.61,53837.9,4.13,73.46,16.27
State_2,1976,84.69,44744.98,3.31,104.79,15.9
State_2,1977,89.87,51366.17,2.73,82.06,13.59
State_2,1978,91.67,44879.79,4.93,83.59,17.35
State_2,1979,92.73,50052.74,3.94,89.55,13.17
State_2,1980,90.97,54449.04,3.2,61.46,15.87
State_2,1981,89.24,59333.1,4.91,111.18,13.77
State_2,1982,92.09,47701.95,4.63,79.02,13.02
State_2,1983,92.25,53920.6,3.93,65.83,15.69
State_2,1984,90.65,59801.08,2.85,91.1,17.26
State_2,1985,93.25,54049.68,3.4,77.62,16.86
State_2,1986,94.08,56202.27,4.67,114.79,15.07
State_2,1987,95.45,52999.28,4.25,107.75,17.34
State_2,1988,91.42,46759.9,3.44,65.64,15.47
State_2,1989,91.53,50852.89,3.22,95.45,12.18
State_2,1990,90.3,40746.96,4.56,81.61,12.76
State_2,1991,96.84,44316.42,4.06,65.12,12.31
State_2,1992,92.8,50627.09,3.85,98.25,16.36
State_2,1993,92.71,46459.13,4.49,76.25,14.63
State_2,1994,94.25,41569.13,2.56,117.76,17.02
State_2,1995,90.86,43465.89,2.89,75.01,15.3
State_2,1996,98.42,54291.92,4.15,76.8,17.73
State_2,1997,94.82,52234.41,3.55,74.86,14.14
State_2,1998,98.9,55156.92,2.54,66.96,12.28
State_2,1999,93.49,41956.68,3.73,88.41,13.04
State_2,2000,100.07,48677.03,3.5,96.95,15.81
State_3,1970,82.89,57129.8,4.15,69.78,12.42
State_3,1971,89.69,52848.39,2.57,95.15,17.64
State_3,1972,76.88,52865.76,3.65,92.74,17.65
State_3,1973,86.33,47722.05,4.9,114.32,13.17
State_3,1974,80.96,46379.51,4.61,61.4,16.89
State_3,1975,82.96,45637.1,2.8,101.8,15.77
State_3,1976,83.35,56069.62,3.21,70.65,16.5
State_3,1977,83.94,56136.69,4.98,84.76,14.23
State_3,1978,80.11,58615.15,4.65,85.74,16.51
State_3,1979,85.53,55090.86,2.76,114.15,15.03
State_3,1980,80.4,57910.46,3.47,60.65,17.43
State_3,1981,84.74,41825.73,3.3,117.0,17.7
State_3,1982,87.55,48968.91,3.23,79.72,16.04
State_3,1983,84.94,55047.49,4.48,107.38,12.55
State_3,1984,79.57,50990.58,3.6,113.26,14.11
State_3,1985,81.56,42341.34,2.86,105.69,15.71
State_3,1986,80.21,56437.2,4.27,64.88,12.51
State_3,1987,82.05,59732.79,3.44,82.24,16.88
State_3,1988,79.37,41670.01,4.44,93.5,14.55
State_3,1989,85.37,58127.09,2.78,89.56,12.07
State_3,1990,79.17,42376.36,2.79,98.95,16.48
State_3,1991,80.99,51667.38,4.91,82.49,13.71
State_3,1992,80.03,59264.45,2.53,118.19,12.26
State_3,1993,82.36,57822.86,3.82,119.58,12.44
State_3,1994,82.33,50461.96,4.07,101.74,14.73
State_3,1995,81.0,52551.16,3.96,114.07,12.27
State_3,1996,80.43,52402.65,3.19,71.29,14.78
State_3,1997,83.62,47067.04,3.96,64.66,17.85
State_3,1998,74.87,56275.9,4.21,69.76,17.47
State_3,1999,81.62,56450.74,4.87,103.54,15.68
State_3,2000,82.56,57321.28,2.61,61.58,14.26
State_4,1970,128.24,43008.34,3.99,82.85,17.82
State_4,1971,129.75,49373.86,3.54,76.4,12.34
State_4,1972,130.05,57294.45,4.53,119.98,17.98
State_4,1973,134.06,58895.31,4.62,74.84,14.7
State_4,1974,130.74,42583.19,4.89,96.37,13.37
State_4,1975,133.28,47163.25,2.78,100.29,15.12
State_4,1976,135.01,55446.37,3.8,111.13,15.31
State_4,1977,133.76,48069.66,2.84,61.73,16.53
State_4,1978,131.47,52406.19,4.26,72.78,12.82
State_4,1979,126.07,48749.5,4.76,80.9,15.08
State_4,1980,135.89,55673.06,3.49,97.33,17.17
State_4,1981,131.81,45164.89,3.65,118.8,14.96
State_4,1982,134.53,46575.03,4.08,74.41,12.46
State_4,1983,129.13,46913.35,4.74,88.44,16.01
State_4,1984,134.19,43446.4,2.98,62.45,13.01
State_4,1985,130.57,41774.05,2.8,87.65,13.24
State_4,1986,131.63,47285.4,3.76,101.42,12.24
State_4,1987,135.15,41635.18,4.68,115.25,12.37
State_4,1988,137.51,45537.55,4.52,104.9,13.11
State_4,1989,132.55,49690.46,4.05,82.13,14.78
State_4,1990,130.8,54949.42,2.59,75.15,16.28
State_4,1991,134.86,50642.27,2.77,86.84,15.2
State_4,1992,137.97,44849.41,3.17,82.64,12.12
State_4,1993,132.17,46549.95,2.8,113.43,15.56
State_4,1994,133.69,53582.05,4.47,89.91,12.52
State_4,1995,143.07,54908.79,3.58,67.65,13.7
State_4,1996,139.28,47261.65,4.11,94.25,14.14
State_4,1997,136.61,44744.54,2.75,69.17,13.48
State_4,1998,137.2,43213.63,2.97,77.11,13.04
State_4,1999,129.6,59647.57,2.78,83.87,17.82
State_4,2000,139.46,57310.14,4.54,75.47,13.03
State_5,1970,126.25,45599.58,4.42,71.22,13.94
State_5,1971,125.24,48508.73,3.77,74.54,12.69
State_5,1972,116.06,51624.76,2.89,88.87,15.2
State_5,1973,123.28,41036.47,3.34,68.06,12.38
State_5,1974,119.34,53630.05,4.4,95.74,14.83
State_5,1975,123.69,48236.82,3.37,115.77,16.98
State_5,1976,122.17,43624.66,2.67,104.47,15.45
State_5,1977,122.19,56836.58,2.85,107.72,13.21
State_5,1978,121.22,56291.49,4.16,91.38,14.15
State_5,1979,121.48,57544.01,3.48,109.0,14.63
State_5,1980,120.67,46027.56,4.37,90.16,13.39
State_5,1981,116.26,57991.49,3.46,92.61,17.44
State_5,1982,120.56,58796.64,4.07,80.09,12.84
State_5,1983,124.33,55880.5,4.05,92.01,17.36
State_5,1984,122.26,46234.44,3.12,104.64,12.2
State_5,1985,125.19,51397.79,4.41,112.61,14.05
State_5,1986,128.1,42998.35,3.07,103.34,16.32
State_5,1987,123.16,52822.95,4.23,92.56,13.51
State_5,1988,121.58,58169.01,3.96,84.05,14.77
State_5,1989,123.47,58945.67,2.88,95.17,15.04
State_5,1990,124.66,57442.48,4.83,93.91,16.18
State_5,1991,125.67,58449.99,4.27,69.15,15.46
State_5,1992,121.76,54728.88,4.84,115.53,14.71
State_5,1993,131.7,42264.76,4.96,110.33,12.75
State_5,1994,133.92,47980.05,2.64,80.11,16.82
State_5,1995,128.13,40092.64,3.33,83.89,15.22
State_5,1996,126.13,46939.06,4.34,87.13,13.35
State_5,1997,128.96,49048.79,2.85,70.58,14.99
State_5,1998,129.75,47247.88,3.95,97.94,12.08
State_5,1999,127.12,53270.75,2.95,117.66,12.89
State_5,2000,125.45,59937.49,3.76,95.72,12.4
State_6,1970,124.5,57961.09,3.01,71.44,12.22
State_6,1971,132.53,41314.17,4.44,87.2,15.15
State_6,1972,121.33,48815.25,3.5,93.58,12.93
State_6,1973,125.34,58922.31,3.43,76.24,15.86
State_6,1974,123.54,48174.68,2.56,69.37,16.3
State_6,1975,123.86,44439.44,3.08,100.31,12.12
State_6,1976,124.04,42082.17,4.5,70.71,15.92
State_6,1977,122.73,44863.44,4.31,111.34,16.98
State_6,1978,122.92,47943.67,4.17,72.3,13.76
State_6,1979,118.42,57853.43,4.54,80.51,13.56
State_6,1980,128.55,47593.85,3.98,76.08,15.74
State_6,1981,126.82,48722.53,3.24,116.91,16.58
State_6,1982,116.4,42802.26,4.67,89.25,17.37
State_6,1983,121.73,40449.39,3.17,92.5,15.8
State_6,1984,126.6,45157.75,2.85,110.1,17.91
State_6,1985,118.52,45446.15,2.55,114.86,12.71
State_6,1986,122.52,51530.33,3.19,93.25,15.91
State_6,1987,120.63,40219.92,2.84,114.0,17.24
State_6,1988,123.45,51948.26,4.0,99.9,13.05
State_6,1989,121.22,47662.77,3.8,62.82,13.0
State_6,1990,123.94,54760.67,2.71,96.19,13.47
State_6,1991,116.77,47113.45,4.3,77.83,15.4
State_6,1992,118.77,49521.01,4.16,116.21,16.4
State_6,1993,122.82,41028.52,3.74,95.81,14.01
State_6,1994,116.26,55418.24,2.77,64.51,16.37
State_6,1995,126.57,48696.55,3.12,109.15,16.8
State_6,1996,120.33,53893.93,3.18,95.41,14.17
State_6,1997,116.34,50838.02,4.68,103.93,16.84
State_6,1998,119.45,53175.67,4.23,110.95,13.5
State_6,1999,115.37,59753.36,4.86,62.37,16.23
State_6,2000,119.6,58504.97,2.95,94.08,17.49
State_7,1970,83.38,59421.16,4.86,88.45,17.17
State_7,1971,81.52,56890.99,3.3,109.73,12.22
State_7,1972,78.06,42411.34,2.69,101.78,14.04
State_7,1973,83.9,54495.34,2.66,78.92,15.24
State_7,1974,80.56,52517.83,4.71,96.95,13.4
State_7,1975,85.76,40488.02,4.68,61.28,17.25
State_7,1976,84.89,55975.66,4.99,81.04,16.6
State_7,1977,83.01,48038.62,3.7,97.65,17.24
State_7,1978,77.94,54751.65,3.1,66.63,14.13
State_7,1979,77.83,45744.78,3.24,74.02,12.25
State_7,1980,77.42,53592.95,3.05,117.0,16.72
State_7,1981,79.72,41788.22,3.54,112.75,17.67
State_7,1982,90.39,43340.68,4.98,73.9,17.66
State_7,1983,81.58,52992.93,4.02,90.76,13.38
State_7,1984,82.14,43728.77,4.45,81.01,12.35
State_7,1985,82.02,59382.05,4.71,115.67,17.97
State_7,1986,82.81,55164.77,4.24,69.23,16.89
State_7,1987,80.53,44488.81,3.06,92.22,15.56
State_7,1988,81.65,57549.22,3.16,67.77,17.33
State_7,1989,84.78,59113.03,4.66,108.57,15.93
State_7,1990,81.85,48169.06,3.43,75.59,16.34
State_7,1991,84.84,49917.51,2.7,73.21,16.1
State_7,1992,74.2,51848.16,4.56,80.87,16.07
State_7,1993,82.15,51314.64,3.17,112.72,16.78
State_7,1994,87.68,57345.88,4.27,110.22,16.18
State_7,1995,86.26,53602.82,4.05,105.16,12.95
State_7,1996,84.01,54870.17,2.9,109.08,16.99
State_7,1997,82.73,50149.35,2.52,77.22,15.7
State_7,1998,85.43,45196.07,4.09,92.4,16.68
State_7,1999,85.74,42139.61,4.4,92.48,17.78
State_7,2000,89.22,58640.56,2.76,116.23,16.13
State_8,1970,79.75,54163.44,2.67,94.93,14.08
State_8,1971,82.51,57430.74,4.93,118.13,16.5
State_8,1972,84.21,42601.72,4.4,61.48,12.13
State_8,1973,83.32,55408.15,4.21,86.75,13.64
State_8,1974,77.49,59942.49,3.57,87.08,12.98
State_8,1975,85.42,44415.39,2.71,100.83,15.93
State_8,1976,86.32,45465.19,4.88,69.06,14.59
State_8,1977,82.89,52770.52,3.49,76.45,17.9
State_8,1978,85.01,48186.68,4.74,73.8,13.28
State_8,1979,83.22,47370.53,4.66,88.39,17.81
State_8,1980,82.19,43710.51,4.67,106.6,16.63
State_8,1981,84.14,52524.41,2.83,61.95,17.53
State_8,1982,84.46,52333.01,4.49,88.89,12.7
State_8,1983,83.64,48606.12,3.0,89.5,12.39
State_8,1984,80.13,51639.43,3.17,107.85,13.86
State_8,1985,81.45,41448.94,3.48,88.8,15.6
State_8,1986,82.08,45833.25,4.24,111.61,16.68
State_8,1987,81.97,42098.6,3.11,119.2,12.85
State_8,1988,80.21,49977.76,4.05,102.15,15.36
State_8,1989,79.17,47012.54,2.58,64.71,14.38
State_8,1990,81.79,42654.32,3.92,101.37,16.8
State_8,1991,80.08,42091.36,4.09,102.39,12.19
State_8,1992,80.11,58724.24,2.63,92.48,16.25
State_8,1993,82.5,56034.56,3.35,108.89,12.48
State_8,1994,83.25,57896.33,3.87,109.04,14.71
State_8,1995,82.29,54631.79,2.7,63.62,13.48
State_8,1996,87.51,43190.89,4.68,73.15,17.86
State_8,1997,77.75,55793.97,4.15,89.89,15.33
State_8,1998,79.14,54384.04,3.07,119.78,17.85
State_8,1999,77.22,53604.56,2.68,61.84,13.55
State_8,2000,82.18,49252.46,4.67,103.63,16.46
State_9,1970,100.84,54505.15,3.72,112.41,17.4
State_9,1971,111.44,48434.42,3.19,95.54,17.47
State_9,1972,106.94,52631.2,4.33,67.89,16.29
State_9,1973,101.49,58180.65,2.95,74.25,17.83
State_9,1974,106.13,49845.56,3.12,112.24,14.67
State_9,1975,104.19,50296.35,3.4,95.58,12.98
State_9,1976,106.1,45162.67,4.14,79.51,16.64
State_9,1977,104.62,42617.47,4.92,87.23,13.42
State_9,1978,98.5,56577.67,3.58,74.92,15.7
State_9,1979,105.46,54135.54,2.92,70.06,12.22
State_9,1980,107.15,49492.62,4.61,108.34,15.51
State_9,1981,108.18,57365.43,3.01,66.72,13.62
State_9,1982,104.57,58732.11,2.6,67.33,14.71
State_9,1983,102.27,58677.5,3.29,90.43,12.25
State_9,1984,104.65,57358.37,3.64,90.94,14.93
State_9,1985,105.5,53337.29,2.85,61.8,13.85
State_9,1986,101.24,53468.65,4.92,65.63,16.04
State_9,1987,105.89,48875.0,4.67,70.63,16.16
State_9,1988,103.77,52356.94,4.67,94.24,12.18
State_9,1989,109.78,58618.97,4.22,100.59,13.29
State_9,1990,100.41,53024.66,2.77,99.47,18.0
State_9,1991,108.48,40964.24,4.94,84.41,17.22
State_9,1992,104.52,54768.98,4.7,84.25,13.96
State_9,1993,107.71,53351.87,4.52,105.74,16.79
State_9,1994,107.18,42404.18,3.86,60.35,13.95
State_9,1995,102.43,47329.23,3.49,101.73,14.33
State_9,1996,98.47,47465.04,3.07,64.39,15.62
State_9,1997,102.12,53364.26,4.05,87.81,14.28
State_9,1998,103.12,49583.64,2.56,80.47,14.28
State_9,1999,106.23,47976.46,3.95,92.02,15.65
State_9,2000,104.8,54362.46,4.89,61.09,13.17
State_10,1970,82.18,57960.61,3.11,115.62,12.36
State_10,1971,79.98,42028.42,3.71,75.41,13.71
State_10,1972,82.29,46145.8,4.51,92.35,13.87
State_10,1973,85.26,45452.48,3.53,67.31,13.09
State_10,1974,83.13,53622.36,2.95,91.51,16.25
State_10,1975,81.38,45131.26,4.91,89.01,16.84
State_10,1976,78.17,51004.53,2.61,97.99,17.71
State_10,1977,84.69,57684.13,3.07,72.72,15.67
State_10,1978,82.31,48220.57,4.6,114.0,14.12
State_10,1979,83.49,45496.12,4.56,85.42,16.01
State_10,1980,79.24,41910.71,4.06,87.11,15.52
State_10,1981,83.0,57255.94,3.04,65.74,12.14
State_10,1982,79.31,52839.43,4.02,92.8,13.39
State_10,1983,85.98,49935.34,4.97,68.19,16.17
State_10,1984,76.64,48086.38,3.57,103.06,16.15
State_10,1985,82.69,51567.74,3.19,64.77,12.51
State_10,1986,80.27,57883.82,2.98,79.4,13.36
State_10,1987,80.2,50381.2,2.67,108.02,13.4
State_10,1988,81.45,50800.24,4.7,99.05,15.2
State_10,1989,78.62,53389.74,4.99,99.71,15.35
State_10,1990,78.52,54613.01,3.66,63.61,15.37
State_10,1991,79.34,50716.55,2.74,87.02,16.54
State_10,1992,84.29,46951.43,4.16,107.73,17.56
State_10,1993,80.89,43048.32,4.98,115.62,15.24
State_10,1994,78.36,56840.67,3.8,97.42,12.53
State_10,1995,81.08,56521.35,4.46,102.52,12.22
State_10,1996,83.84,46062.57,3.16,81.61,12.53
State_10,1997,83.1,46110.49,3.49,86.83,15.6
State_10,1998,85.06,50313.59,4.8,89.82,17.95
State_10,1999,81.87,58611.9,2.79,109.05,14.28
State_10,2000,84.5,57559.49,4.67,108.36,16.74
State_11,1970,94.72,53899.02,3.37,118.54,15.85
State_11,1971,96.97,56449.61,2.83,111.72,17.54
State_11,1972,105.17,55296.2,2.94,90.15,14.39
State_11,1973,96.63,42927.48,3.42,64.09,12.15
State_11,1974,98.8,48649.96,3.28,90.37,14.64
State_11,1975,97.19,42113.29,4.1,72.96,15.72
State_11,1976,93.87,41226.99,4.45,87.59,12.35
State_11,1977,97.77,59897.33,2.64,101.7,17.9
State_11,1978,94.58,42427.7,3.26,66.06,16.15
State_11,1979,94.78,41245.84,3.77,119.8,16.88
State_11,1980,91.16,52477.92,3.82,85.57,12.78
State_11,1981,98.25,57732.08,3.62,71.68,14.21
State_11,1982,98.89,54672.29,4.42,60.66,14.5
State_11,1983,94.06,49626.88,2.55,75.59,16.56
State_11,1984,95.09,44304.04,2.53,74.47,17.86
State_11,1985,91.15,56030.74,4.9,89.27,12.66
State_11,1986,88.38,56887.14,2.75,89.29,12.9
State_11,1987,100.19,46493.52,4.34,88.56,14.26
State_11,1988,91.13,55700.33,4.73,117.32,16.72
State_11,1989,86.67,46308.14,4.22,86.26,13.53
State_11,1990,92.99,52744.03,4.15,113.71,15.82
State_11,1991,95.76,52278.67,2.67,91.1,12.9
State_11,1992,93.01,53604.56,2.6,65.09,16.3
State_11,1993,97.66,41441.69,2.68,60.73,17.74
State_11,1994,89.84,45930.71,3.37,106.48,15.97
State_11,1995,95.89,43703.91,2.94,65.9,15.96
State_11,1996,89.4,40418.9,2.71,118.07,13.77
State_11,1997,94.13,55384.46,4.06,82.92,13.23
State_11,1998,92.08,55492.68,4.11,91.82,12.25
State_11,1999,88.21,59369.78,4.5,77.57,17.88
State_11,2000,95.1,54961.46,4.53,99.39,12.77
State_12,1970,105.69,44492.31,3.43,85.92,14.64
State_12,1971,102.29,44813.85,2.8,71.85,17.32
State_12,1972,101.25,52916.22,3.21,108.96,17.17
State_12,1973,103.58,49210.79,4.6,103.71,16.66
State_12,1974,98.88,53123.24,2.94,92.7,17.91
State_12,1975,101.3,54519.6,4.54,72.81,15.04
State_12,1976,101.58,56814.06,4.33,92.53,15.54
State_12,1977,96.4,51300.44,4.22,112.4,15.82
State_12,1978,102.59,55222.43,2.9,87.69,12.06
State_12,1979,105.09,59836.2,2.75,84.09,16.8
State_12,1980,100.08,44080.71,3.89,103.98,15.7
State_12,1981,101.58,55675.84,3.89,60.31,16.57
State_12,1982,100.05,40706.23,4.36,72.15,17.75
State_12,1983,99.29,42977.76,3.26,112.6,17.98
State_12,1984,100.57,47366.19,3.62,103.32,17.32
State_12,1985,99.05,48252.44,4.24,60.19,15.72
State_12,1986,108.78,47109.86,4.49,65.58,15.53
State_12,1987,111.31,41297.07,3.95,93.69,15.36
State_12,1988,104.03,52069.75,4.19,108.3,13.62
State_12,1989,105.16,41541.17,2.65,80.05,16.71
State_12,1990,109.37,54153.62,4.47,91.04,14.64
State_12,1991,104.39,48680.39,2.72,73.24,15.59
State_12,1992,103.29,54713.26,5.0,115.99,15.86
State_12,1993,111.79,55713.03,2.8,84.59,17.04
State_12,1994,103.23,47676.66,3.93,95.27,13.11
State_12,1995,102.48,40523.93,2.56,109.9,13.64
State_12,1996,103.45,50361.58,3.25,116.44,13.56
State_12,1997,110.33,56838.67,2.97,108.16,14.75
State_12,1998,106.9,49659.38,2.83,64.84,16.37
State_12,1999,99.13,54590.16,4.41,69.53,15.66
State_12,2000,107.52,42707.08,4.38,99.42,17.74
State_13,1970,81.21,44939.58,4.77,74.97,13.63
State_13,1971,81.19,55187.97,3.62,106.6,12.39
State_13,1972,82.03,41253.06,4.77,68.35,15.19
State_13,1973,83.3,48221.91,3.37,113.99,12.13
State_13,1974,83.82,51203.36,4.84,63.14,14.51
State_13,1975,83.07,45203.16,4.33,118.88,13.54
State_13,1976,79.21,51306.61,3.66,118.32,15.65
State_13,1977,83.98,46990.13,2.79,69.07,13.35
State_13,1978,83.91,51224.46,3.81,66.89,17.16
State_13,1979,80.4,54456.29,2.67,102.47,15.26
State_13,1980,81.23,49693.93,2.91,116.74,17.1
State_13,1981,78.73,53380.45,3.66,84.71,15.91
State_13,1982,78.82,50250.05,4.52,87.55,12.31
State_13,1983,80.9,55725.56,3.0,75.52,12.99
State_13,1984,83.9,50387.72,3.01,112.67,17.28
State_13,1985,77.85,57411.57,3.1,87.07,17.91
State_13,1986,79.7,58184.4,3.85,89.87,12.63
State_13,1987,77.41,53135.6,4.56,82.83,16.65
State_13,1988,73.86,55857.09,3.94,98.07,16.79
State_13,1989,79.69,47919.41,4.79,91.98,12.95
State_13,1990,81.77,46335.23,4.64,114.37,13.66
State_13,1991,80.53,59670.43,2.85,72.12,13.11
State_13,1992,79.18,43042.09,3.6,96.92,12.5
State_13,1993,80.31,57648.33,4.51,90.31,17.8
State_13,1994,78.55,53358.4,4.09,69.96,17.29
State_13,1995,77.36,48549.79,2.91,60.76,15.36
State_13,1996,82.61,57805.16,2.7,103.89,13.12
State_13,1997,77.63,57163.54,4.55,92.45,16.26
State_13,1998,75.79,56432.74,3.65,81.47,14.97
State_13,1999,70.56,56564.99,3.34,70.43,16.27
State_13,2000,74.47,46958.83,3.63,104.93,15.91
State_14,1970,116.02,56828.95,3.68,118.75,15.8
State_14,1971,118.28,46502.08,4.22,64.18,13.05
State_14,1972,114.71,57114.75,3.07,110.22,13.68
State_14,1973,121.12,50253.1,3.26,72.76,12.2
State_14,1974,119.94,46078.93,4.13,116.3,17.23
State_14,1975,118.98,53299.7,3.15,114.43,16.02
State_14,1976,118.73,51208.81,2.78,86.82,14.76
State_14,1977,117.06,47608.01,4.94,66.64,14.54
State_14,1978,119.85,40840.49,4.35,115.08,13.68
State_14,1979,115.15,58215.4,4.38,108.29,12.11
State_14,1980,118.62,59256.21,4.32,78.29,16.98
State_14,1981,118.26,42251.61,4.26,92.44,12.58
State_14,1982,115.03,44837.88,2.53,88.13,13.81
State_14,1983,111.29,45998.38,4.36,62.89,17.42
State_14,1984,118.35,57045.28,4.17,95.59,17.35
State_14,1985,118.13,40693.41,3.96,119.73,17.13
State_14,1986,113.89,50428.91,2.66,109.88,15.59
State_14,1987,116.55,56585.74,4.7,94.31,15.1
State_14,1988,117.59,48608.55,3.29,86.08,16.64
State_14,1989,118.23,48867.6,4.02,97.88,15.55
State_14,1990,116.17,54052.68,3.09,90.74,12.63
State_14,1991,114.63,53044.49,4.88,96.04,16.46
State_14,1992,108.1,50125.32,4.09,64.26,13.53
State_14,1993,113.9,40912.97,2.85,76.61,17.83
State_14,1994,108.51,46626.94,3.71,71.77,15.66
State_14,1995,112.36,50331.45,2.51,60.46,13.31
State_14,1996,112.94,40734.43,2.77,80.33,16.82
State_14,1997,116.3,45869.78,4.83,83.82,12.52
State_14,1998,122.97,52341.33,2.78,80.71,15.04
State_14,1999,114.63,54045.18,4.98,67.89,13.65
State_14,2000,117.83,47891.52,3.55,84.66,17.45
State_15,1970,125.61,59101.21,4.55,60.09,15.82
State_15,1971,121.28,41022.71,3.14,63.57,15.62
State_15,1972,120.85,47676.78,3.64,82.14,12.73
State_15,1973,124.06,48378.96,4.38,64.26,12.48
State_15,1974,124.64,53371.45,4.2,81.72,15.56
State_15,1975,122.66,40202.62,4.09,114.8,15.68
State_15,1976,124.38,42411.17,4.76,63.99,15.2
State_15,1977,125.2,42842.74,2.53,85.32,13.77
State_15,1978,131.39,40874.78,2.81,93.52,14.06
State_15,1979,121.97,54583.47,4.13,110.74,16.15
State_15,1980,129.01,45507.62,3.27,107.34,14.68
State_15,1981,121.32,55967.61,4.56,111.45,17.5
State_15,1982,118.16,51643.97,3.43,96.06,16.23
State_15,1983,121.6,53768.1,3.44,70.01,14.58
State_15,1984,120.86,40508.96,4.11,98.21,14.04
State_15,1985,122.52,41434.24,3.52,78.67,16.06
State_15,1986,118.99,44357.85,4.97,87.24,16.13
State_15,1987,127.76,42811.06,3.71,61.65,15.03
State_15,1988,123.7,40779.92,2.58,83.28,12.96
State_15,1989,125.3,40467.04,4.39,87.51,13.74
State_15,1990,123.86,57768.07,4.01,109.6,17.9
State_15,1991,124.89,45768.11,4.9,83.37,14.31
State_15,1992,125.85,43082.9,3.88,92.5,16.57
State_15,1993,118.21,56673.0,3.6,78.14,13.56
State_15,1994,120.61,59328.35,3.89,80.84,15.48
State_15,1995,121.87,42783.93,3.61,97.57,14.93
State_15,1996,125.4,51387.55,4.05,72.08,14.37
State_15,1997,127.29,40789.19,3.69,92.58,13.37
State_15,1998,125.45,57399.38,2.83,107.43,12.75
State_15,1999,130.03,55884.21,3.19,112.63,17.66
State_15,2000,124.41,59619.75,3.71,111.81,15.53
State_16,1970,99.0,44064.46,4.4,83.19,15.07
State_16,1971,110.54,57311.54,4.95,84.46,16.97
State_16,1972,101.45,55290.56,3.93,117.36,13.2
State_16,1973,105.63,57861.8,2.66,113.01,14.69
State_16,1974,101.39,50208.65,4.07,115.58,12.11
State_16,1975,107.75,54454.14,4.23,68.07,13.8
State_16,1976,101.02,47174.31,4.51,76.73,13.26
State_16,1977,100.01,40286.31,4.34,110.05,16.44
State_16,1978,104.06,42857.01,4.38,106.14,15.95
State_16,1979,103.12,52272.08,2.72,89.26,12.47
State_16,1980,102.58,48150.86,3.52,63.96,14.09
State_16,1981,101.43,58953.76,2.68,117.31,15.14
State_16,1982,100.57,45991.31,2.69,90.04,16.77
State_16,1983,100.31,41458.04,3.51,77.72,13.39
State_16,1984,100.97,45620.09,4.51,115.75,14.43
State_16,1985,99.76,49528.74,3.07,98.43,17.87
State_16,1986,102.36,52069.86,3.39,98.87,12.74
State_16,1987,100.36,48986.99,3.96,97.49,12.43
State_16,1988,103.22,53652.34,3.1,102.84,16.94
State_16,1989,100.79,50403.4,2.86,106.52,13.63
State_16,1990,104.06,49933.91,3.21,68.03,15.78
State_16,1991,97.94,45523.39,4.27,63.76,17.04
State_16,1992,99.74,40076.4,3.12,104.45,13.9
State_16,1993,98.74,45407.87,4.61,78.8,16.73
State_16,1994,97.1,57837.44,3.58,114.6,14.26
State_16,1995,99.11,47752.98,4.08,102.23,12.03
State_16,1996,105.12,43339.06,4.28,99.98,17.8
State_16,1997,95.88,42107.3,4.45,98.65,12.29
State_16,1998,102.1,47201.01,4.89,90.02,14.6
State_16,1999,94.47,47374.14,3.42,63.14,16.61
State_16,2000,98.04,48330.09,4.56,111.02,13.27
State_17,1970,118.62,53556.26,4.02,77.72,12.82
State_17,1971,120.52,53032.8,4.35,78.94,15.87
State_17,1972,124.05,43984.31,4.73,77.24,14.21
State_17,1973,117.11,41161.84,2.78,90.95,13.61
State_17,1974,114.8,40386.55,2.81,84.82,14.96
State_17,1975,115.96,48085.79,3.83,95.71,12.06
State_17,1976,120.96,50380.65,4.19,78.71,16.64
State_17,1977,119.2,55458.43,3.8,118.56,12.75
State_17,1978,118.6,45311.66,2.54,77.6,16.64
State_17,1979,119.87,50359.21,3.37,82.3,12.01
State_17,1980,122.24,59483.89,4.62,61.42,17.39
State_17,1981,115.2,55663.97,4.45,87.48,14.39
State_17,1982,118.05,44564.71,3.12,89.04,16.48
State_17,1983,118.69,49476.2,2.64,117.47,17.66
State_17,1984,120.82,41512.1,3.41,73.52,13.17
State_17,1985,119.35,42816.06,4.06,106.88,15.47
State_17,1986,120.15,52719.09,3.47,100.45,13.56
State_17,1987,118.05,46903.84,4.79,77.43,14.82
State_17,1988,120.13,41244.06,2.87,60.47,15.79
State_17,1989,120.99,48953.47,2.84,117.48,15.18
State_17,1990,119.12,53592.41,2.69,76.48,16.84
State_17,1991,114.21,49193.3,3.87,85.97,12.26
State_17,1992,118.47,44183.71,2.62,110.62,17.89
State_17,1993,115.36,55862.86,4.63,74.52,17.76
State_17,1994,119.19,45190.84,3.59,95.61,12.44
State_17,1995,120.02,52446.87,4.95,71.41,16.76
State_17,1996,119.09,59546.16,4.39,69.7,14.86
State_17,1997,120.71,54366.62,3.12,98.44,16.0
State_17,1998,119.67,55432.54,3.75,60.73,12.05
State_17,1999,115.35,47140.59,4.82,73.72,15.81
State_17,2000,116.86,56960.84,4.32,65.72,14.57
State_18,1970,78.5,53248.68,2.8,77.33,14.39
State_18,1971,77.71,55085.3,4.8,117.06,15.46
State_18,1972,76.92,47142.42,4.47,75.06,15.38
State_18,1973,85.85,44807.98,2.98,115.09,12.61
State_18,1974,77.97,50119.16,3.05,62.34,12.22
State_18,1975,82.33,45649.57,4.88,94.9,14.62
State_18,1976,81.11,51601.78,3.79,105.53,13.69
State_18,1977,84.01,58929.13,4.73,85.17,16.68
State_18,1978,80.79,49526.71,3.74,72.28,15.55
State_18,1979,79.99,57100.6,3.02,64.27,12.41
State_18,1980,78.56,58815.69,3.77,84.56,16.87
State_18,1981,80.19,53872.36,4.43,99.28,12.91
State_18,1982,84.49,57517.66,3.85,76.95,14.55
State_18,1983,83.67,41092.69,4.93,73.57,13.83
State_18,1984,73.91,46078.85,3.08,60.09,16.38
State_18,1985,85.23,56968.51,3.56,78.18,13.95
State_18,1986,84.03,54252.43,4.54,70.9,14.23
State_18,1987,85.93,53220.29,2.7,92.67,16.26
State_18,1988,76.38,43346.43,4.45,95.03,17.71
State_18,1989,76.77,54288.48,4.4,66.15,15.08
State_18,1990,83.9,50177.81,3.42,115.98,16.97
State_18,1991,84.76,49234.32,4.8,101.68,16.37
State_18,1992,84.48,57233.82,3.19,108.42,13.17
State_18,1993,77.59,59570.51,4.64,102.07,16.36
State_18,1994,77.81,51241.46,4.87,89.78,14.28
State_18,1995,82.83,54688.88,3.46,61.51,17.03
State_18,1996,79.85,40228.36,4.26,118.22,14.63
State_18,1997,83.76,56342.56,3.87,118.02,12.31
State_18,1998,78.42,50095.91,4.3,111.76,13.08
State_18,1999,82.15,47931.07,2.83,111.92,12.94
State_18,2000,85.57,46195.76,3.23,112.28,16.04
State_19,1970,131.14,56656.61,4.77,60.73,16.04
State_19,1971,133.46,41036.72,3.87,77.26,13.84
State_19,1972,131.25,46681.0,4.33,84.27,12.41
State_19,1973,122.81,55675.2,3.21,85.97,16.11
State_19,1974,125.91,47478.42,4.86,98.5,16.03
State_19,1975,126.56,52645.64,3.0,85.1,16.51
State_19,1976,126.02,45526.38,3.58,118.82,12.41
State_19,1977,125.17,50374.02,2.95,118.24,12.68
State_19,1978,131.14,54091.09,3.56,80.79,14.39
State_19,1979,124.61,45285.53,3.01,88.98,13.61
State_19,1980,129.15,59370.75,4.01,64.62,12.45
State_19,1981,122.3,59028.46,3.24,65.52,15.59
State_19,1982,130.5,45348.04,2.54,117.9,13.51
State_19,1983,129.6,53520.53,4.27,96.6,13.88
State_19,1984,127.67,57321.91,4.87,66.35,12.93
State_19,1985,120.95,58894.73,4.34,112.98,13.22
State_19,1986,130.4,53602.24,3.52,60.92,15.5
State_19,1987,127.43,45062.03,3.63,117.45,14.39
State_19,1988,123.95,53449.21,4.94,66.11,12.05
State_19,1989,126.22,48671.66,2.73,104.9,17.49
State_19,1990,119.99,48688.07,4.31,60.54,15.54
State_19,1991,123.34,52265.83,4.09,74.52,16.28
State_19,1992,125.58,40274.91,3.12,72.86,13.62
State_19,1993,126.06,44951.2,2.66,87.54,16.4
State_19,1994,129.05,41622.98,4.88,110.31,16.83
State_19,1995,127.05,56459.68,4.83,92.66,13.2
State_19,1996,128.16,54758.35,3.8,64.11,14.23
State_19,1997,125.8,58415.33,3.96,92.3,13.61
State_19,1998,126.04,53329.26,4.47,87.26,15.78
State_19,1999,122.65,44967.67,4.26,85.66,14.66
State_19,2000,124.92,41280.13,4.56,77.54,14.66
State_20,1970,81.87,50052.62,2.64,89.47,17.56
State_20,1971,81.95,48193.42,4.14,75.61,12.96
State_20,1972,79.95,43209.25,2.68,71.14,15.99
State_20,1973,81.36,53702.69,2.78,77.35,13.86
State_20,1974,81.33,44999.14,3.79,92.13,14.14
State_20,1975,83.86,55785.86,3.27,114.83,17.72
State_20,1976,79.2,46534.85,3.39,90.34,17.65
State_20,1977,83.67,50062.65,2.98,111.53,16.06
State_20,1978,73.94,56758.17,4.65,104.9,14.64
State_20,1979,76.93,53472.91,2.95,101.64,13.38
State_20,1980,81.2,42351.03,2.91,60.12,16.31
State_20,1981,80.34,43227.26,2.71,61.15,12.99
State_20,1982,85.12,57817.11,3.1,81.26,12.63
State_20,1983,80.08,52155.05,3.11,63.46,14.35
State_20,1984,75.06,44684.07,3.05,117.59,15.7
State_20,1985,73.25,48578.89,3.85,101.79,16.21
State_20,1986,83.64,43433.88,3.75,84.72,17.22
State_20,1987,80.93,42307.89,4.01,67.03,14.02
State_20,1988,85.82,42856.84,4.23,72.38,14.35
State_20,1989,78.65,50156.1,3.55,61.09,16.76
State_20,1990,79.46,41380.92,3.69,93.64,15.77
State_20,1991,75.52,40199.58,4.31,92.14,17.02
State_20,1992,81.2,56427.77,4.61,89.11,14.0
State_20,1993,77.85,43668.84,4.64,112.95,14.8
State_20,1994,82.74,41513.99,3.47,108.21,17.41
State_20,1995,77.5,50835.22,4.92,63.99,15.89
State_20,1996,81.03,41482.11,3.44,108.23,14.6
State_20,1997,74.86,47010.41,3.43,64.12,14.22
State_20,1998,75.91,49284.77,4.31,99.4,16.25
State_20,1999,77.23,40106.27,4.51,106.37,15.29
State_20,2000,84.06,41329.27,4.42,95.02,16.69
State_21,1970,121.67,53423.15,4.05,104.54,13.02
State_21,1971,125.46,43899.5,4.73,105.0,17.45
State_21,1972,127.09,53082.65,4.72,94.73,15.79
State_21,1973,129.98,43129.53,3.68,102.98,13.63
State_21,1974,123.94,44830.01,3.04,85.49,17.45
State_21,1975,122.99,50141.19,2.97,64.62,16.18
State_21,1976,129.66,53190.22,4.49,76.32,16.15
State_21,1977,125.11,45281.24,4.85,98.18,13.95
State_21,1978,124.11,53892.82,3.05,95.72,13.59
State_21,1979,124.91,53239.38,4.54,106.68,16.57
State_21,1980,124.07,48646.92,2.58,75.57,12.2
State_21,1981,131.41,57583.72,3.11,93.44,12.23
State_21,1982,123.58,57958.38,4.72,79.52,17.41
State_21,1983,130.96,59923.15,4.56,110.69,13.49
State_21,1984,125.53,41898.36,5.0,79.6,16.49
State_21,1985,128.21,56133.3,4.65,119.86,13.45
State_21,1986,127.72,42601.61,2.56,81.63,16.7
State_21,1987,126.68,51323.61,3.28,99.26,13.39
State_21,1988,132.38,40778.76,4.59,97.17,15.38
State_21,1989,130.45,52492.28,4.66,95.22,15.49
State_21,1990,134.05,47784.61,3.07,95.81,17.57
State_21,1991,127.45,58582.79,3.35,91.66,13.27
State_21,1992,132.46,54302.0,3.98,63.2,14.73
State_21,1993,130.93,53495.73,4.19,82.39,17.65
State_21,1994,129.47,53817.68,4.24,98.92,13.65
State_21,1995,125.82,43124.13,4.09,95.96,13.08
State_21,1996,128.64,53355.21,4.59,70.18,12.11
State_21,1997,135.47,55582.05,4.02,101.98,17.03
State_21,1998,127.25,48037.74,2.88,94.36,13.66
State_21,1999,139.56,58426.15,3.96,95.57,14.13
State_21,2000,128.14,52136.94,4.7,112.97,15.95
State_22,1970,92.23,57721.87,2.99,104.25,13.72
State_22,1971,93.76,49300.19,4.62,63.74,14.01
State_22,1972,93.33,41340.33,4.94,109.02,17.12
State_22,1973,91.33,44215.86,3.07,88.15,13.61
State_22,1974,93.01,42019.56,2.92,68.84,17.84
State_22,1975,88.66,55965.86,3.32,77.96,13.4
State_22,1976,92.59,42593.58,3.14,81.32,16.04
State_22,1977,93.06,46852.9,4.66,69.3,12.5
State_22,1978,95.41,49690.76,3.26,93.8,16.82
State_22,1979,95.34,50110.18,2.86,97.44,13.64
State_22,1980,91.66,49756.69,2.71,87.58,13.84
State_22,1981,91.51,54500.12,3.94,100.03,16.66
State_22,1982,88.32,57244.06,3.28,92.28,17.04
State_22,1983,91.95,49787.85,4.35,89.55,14.9
State_22,1984,94.22,56764.61,3.4,111.59,14.44
State_22,1985,94.36,55248.94,2.82,71.79,17.71
State_22,1986,90.27,43509.83,3.92,94.76,14.94
State_22,1987,92.68,51053.25,3.43,99.7,12.85
State_22,1988,98.58,51417.55,2.96,76.72,13.31
State_22,1989,98.14,45714.15,4.82,118.2,15.43
State_22,1990,95.74,42860.02,3.44,107.86,14.2
State_22,1991,97.6,56902.42,4.49,70.51,16.04
State_22,1992,94.93,44410.09,3.05,112.44,13.5
State_22,1993,98.57,52546.58,4.38,69.12,14.75
State_22,1994,99.03,47024.39,2.73,89.17,17.52
State_22,1995,96.15,58168.69,3.67,87.98,16.56
State_22,1996,96.14,43089.84,3.72,85.8,15.58
State_22,1997,102.07,43414.17,2.58,72.27,14.04
State_22,1998,97.68,50211.62,4.04,114.64,15.06
State_22,1999,97.04,40698.23,3.88,86.29,17.04
State_22,2000,99.21,43213.59,2.56,86.94,13.42
State_23,1970,83.72,45621.0,2.93,82.79,16.81
State_23,1971,80.43,47841.87,4.38,67.53,16.64
State_23,1972,85.51,51315.63,4.82,83.24,12.4
State_23,1973,80.03,40383.11,4.57,91.48,16.65
State_23,1974,81.41,40602.08,4.9,100.07,17.6
State_23,1975,80.04,45309.93,4.03,100.71,13.91
State_23,1976,84.78,45549.29,3.2,117.8,12.06
State_23,1977,85.52,54321.0,4.27,97.36,17.94
State_23,1978,80.79,41578.79,3.61,75.66,14.06
State_23,1979,80.35,56691.44,4.84,71.14,14.24
State_23,1980,81.04,59361.53,3.62,90.09,13.48
State_23,1981,85.35,49419.21,4.15,105.07,16.52
State_23,1982,87.19,56348.16,4.39,63.34,12.04
State_23,1983,85.23,44248.95,4.16,84.67,14.41
State_23,1984,84.05,53821.12,3.18,71.44,13.11
State_23,1985,86.78,46842.15,3.57,109.86,12.72
State_23,1986,85.82,45758.91,3.73,78.0,15.58
State_23,1987,90.41,48676.88,2.91,66.99,15.28
State_23,1988,84.57,54660.0,4.15,115.89,16.93
State_23,1989,87.68,51332.11,4.14,113.9,14.4
State_23,1990,87.07,42089.09,3.94,87.84,12.71
State_23,1991,87.33,59611.36,3.04,64.03,15.57
State_23,1992,87.21,42065.3,2.93,94.08,13.78
State_23,1993,92.32,58766.31,4.55,119.01,13.56
State_23,1994,86.01,46950.38,2.63,63.17,16.15
State_23,1995,87.7,49158.58,3.07,96.84,13.52
State_23,1996,80.88,56471.04,4.55,88.64,14.1
State_23,1997,89.7,47251.2,4.51,79.69,13.25
State_23,1998,86.55,49642.64,4.6,73.27,14.29
State_23,1999,84.33,56168.11,4.56,83.08,14.75
State_23,2000,88.25,42372.88,4.83,101.03,15.19
State_24,1970,81.4,48154.96,2.9,99.38,17.83
State_24,1971,87.12,41369.01,3.54,66.98,15.68
State_24,1972,83.43,58769.64,4.15,64.61,14.13
State_24,1973,75.36,56672.88,4.54,96.71,14.24
State_24,1974,85.33,45106.73,2.76,81.29,14.48
State_24,1975,85.36,41402.16,3.49,70.91,12.94
State_24,1976,85.73,56546.04,2.6,85.15,13.01
State_24,1977,82.32,44627.61,3.76,103.89,17.75
State_24,1978,84.9,44408.92,4.72,116.06,17.5
State_24,1979,85.94,48064.21,4.38,91.88,16.06
State_24,1980,86.1,48569.16,4.33,109.47,12.88
State_24,1981,82.25,56893.32,3.58,82.74,17.49
State_24,1982,85.55,45023.39,4.61,89.04,15.08
State_24,1983,83.79,46504.22,2.6,76.32,12.04
State_24,1984,76.46,59567.1,4.91,83.71,16.37
State_24,1985,85.66,56108.6,4.87,84.01,16.7
State_24,1986,78.19,45318.57,4.98,61.55,15.62
State_24,1987,85.56,42407.75,4.85,70.87,15.74
State_24,1988,84.96,44453.52,3.27,92.79,14.5
State_24,1989,80.7,48362.9,4.39,113.88,12.5
State_24,1990,80.65,47862.08,2.75,61.0,15.97
State_24,1991,78.25,44676.26,2.56,110.1,17.85
State_24,1992,82.67,42709.19,3.08,112.1,17.56
State_24,1993,79.84,40787.84,3.93,83.57,12.17
State_24,1994,81.29,51665.05,2.53,107.24,13.84
State_24,1995,81.88,47953.69,4.93,92.65,13.65
State_24,1996,80.07,54188.78,3.18,114.25,14.25
State_24,1997,79.67,48522.42,4.58,108.34,13.35
State_24,1998,81.76,44521.58,4.54,115.82,12.57
State_24,1999,75.58,57413.77,2.71,72.67,16.51
State_24,2000,79.69,41025.88,3.73,86.53,14.01
State_25,1970,104.43,56108.65,4.4,69.23,12.9
State_25,1971,100.13,45363.49,3.4,84.51,16.08
State_25,1972,108.41,43868.71,4.1,75.59,17.32
State_25,1973,101.15,57913.8,3.24,73.8,14.47
State_25,1974,106.03,56521.29,4.18,109.46,14.38
State_25,1975,100.33,43126.34,4.34,81.63,16.03
State_25,1976,102.65,59851.64,2.89,119.31,17.86
State_25,1977,103.18,55876.36,4.15,94.67,17.2
State_25,1978,102.98,52387.8,3.53,85.65,13.98
State_25,1979,98.36,51284.64,4.63,72.09,17.61
State_25,1980,106.64,51123.81,4.45,60.97,16.91
State_25,1981,105.5,40802.78,4.72,119.52,13.76
State_25,1982,105.88,45060.53,4.66,66.17,12.76
State_25,1983,101.74,59583.03,4.18,110.81,13.95
State_25,1984,106.63,52063.0,4.21,94.52,14.57
State_25,1985,109.01,45518.45,4.42,73.58,16.15
State_25,1986,105.82,54941.57,3.05,63.6,12.79
State_25,1987,100.03,52119.94,4.62,62.7,16.4
State_25,1988,103.14,58577.19,3.33,87.92,12.08
State_25,1989,97.67,41631.97,3.15,61.67,15.79
State_25,1990,108.36,43492.94,3.24,99.83,17.79
State_25,1991,97.43,41008.34,4.73,94.61,15.38
State_25,1992,101.75,41797.54,4.0,80.46,17.5
State_25,1993,104.09,48131.81,2.86,102.88,13.76
State_25,1994,109.81,58005.28,4.48,100.58,16.08
State_25,1995,104.86,58918.49,3.24,60.07,13.63
State_25,1996,106.1,52674.23,3.98,60.97,16.37
State_25,1997,100.75,46470.61,4.16,93.39,14.06
State_25,1998,101.9,48040.54,4.32,106.79,12.71
State_25,1999,105.06,40000.61,4.28,81.4,13.53
State_25,2000,104.29,57023.01,4.89,93.94,15.09
State_26,1970,84.2,47599.58,4.02,83.32,13.44
State_26,1971,84.28,41932.9,2.94,119.24,14.66
State_26,1972,83.3,50637.44,4.68,119.73,15.5
State_26,1973,83.51,46114.88,3.51,100.35,16.09
State_26,1974,88.26,46304.79,2.83,97.94,12.77
State_26,1975,90.45,54012.23,4.38,112.37,15.0
State_26,1976,87.39,54604.98,4.05,71.2,12.15
State_26,1977,83.93,52342.12,4.62,71.77,12.75
State_26,1978,80.12,59269.6,2.77,88.71,15.51
State_26,1979,82.81,41140.54,2.76,95.14,15.27
State_26,1980,85.65,44674.82,4.09,109.2,12.25
State_26,1981,91.34,45046.24,3.27,96.82,17.39
State_26,1982,85.4,56198.49,3.96,103.81,14.19
State_26,1983,83.93,43798.72,4.25,93.39,14.15
State_26,1984,92.01,58226.78,2.55,78.95,12.34
State_26,1985,87.84,46627.04,4.19,83.76,16.54
State_26,1986,88.6,49083.67,3.53,116.08,13.51
State_26,1987,86.26,59386.44,3.44,63.72,14.04
State_26,1988,82.69,50118.63,2.9,99.49,17.99
State_26,1989,79.47,48014.08,2.79,113.0,14.49
State_26,1990,83.63,47745.49,4.15,86.52,15.89
State_26,1991,86.24,59091.32,2.88,88.64,15.61
State_26,1992,87.28,51634.73,3.5,80.29,12.76
State_26,1993,82.42,54687.31,3.02,63.51,15.31
State_26,1994,84.73,51904.59,4.68,94.62,14.07
State_26,1995,86.39,41585.61,3.91,114.48,14.38
State_26,1996,90.04,45926.52,2.86,69.09,14.6
State_26,1997,83.63,58791.37,4.39,95.2,16.97
State_26,1998,86.44,41603.74,3.69,97.81,16.97
State_26,1999,83.83,58817.6,2.81,112.51,17.83
State_26,2000,88.68,43543.07,4.31,62.42,14.43
State_27,1970,111.54,49625.56,4.52,117.03,12.13
State_27,1971,112.44,59650.43,2.72,108.86,13.68
State_27,1972,110.55,52879.13,3.45,63.27,15.6
State_27,1973,107.91,58048.07,3.46,72.98,14.66
State_27,1974,112.15,47062.06,4.5,93.28,16.96
State_27,1975,114.84,52629.18,4.46,95.91,14.48
State_27,1976,111.42,52101.79,3.05,97.54,15.43
State_27,1977,113.05,43696.77,2.65,96.26,16.58
State_27,1978,106.73,53330.44,2.7,86.51,12.98
State_27,1979,111.81,43689.18,3.01,83.2,12.31
State_27,1980,112.32,49665.89,3.46,110.35,12.87
State_27,1981,104.01,50113.93,2.66,64.27,15.44
State_27,1982,114.6,51157.47,4.9,62.92,12.59
State_27,1983,112.14,40881.32,2.96,92.48,15.87
State_27,1984,110.19,41543.75,2.92,67.62,12.74
State_27,1985,114.17,50371.23,3.11,81.49,17.94
State_27,1986,112.71,42851.13,3.46,93.28,12.46
State_27,1987,112.19,40083.75,4.18,98.51,14.46
State_27,1988,103.93,40480.1,3.34,70.62,12.59
State_27,1989,110.93,59134.41,4.0,103.72,13.89
State_27,1990,107.76,41939.31,2.95,107.85,16.07
State_27,1991,110.29,50938.58,3.69,115.35,12.44
State_27,1992,109.35,55648.52,4.98,74.44,17.25
State_27,1993,108.15,56612.46,3.06,83.96,14.46
State_27,1994,110.35,54617.41,3.55,94.7,17.0
State_27,1995,115.42,56083.31,4.67,63.58,16.15
State_27,1996,111.48,50971.77,3.51,91.18,17.98
State_27,1997,109.07,42704.35,4.19,83.76,12.8
State_27,1998,116.44,49676.05,3.55,81.47,15.56
State_27,1999,108.87,51511.87,2.9,88.3,15.32
State_27,2000,108.24,54845.43,2.56,81.29,16.68
State_28,1970,114.85,53899.06,3.92,107.77,16.41
State_28,1971,112.9,42663.64,3.15,85.15,15.6
State_28,1972,120.87,50274.16,3.22,60.39,14.98
State_28,1973,116.39,40478.93,3.96,116.49,13.05
State_28,1974,110.54,49432.99,2.73,97.54,15.3
State_28,1975,114.86,57931.49,2.99,61.35,17.17
State_28,1976,105.44,51542.34,4.73,95.82,16.86
State_28,1977,117.51,58260.83,3.93,70.85,13.61
State_28,1978,111.37,43972.89,3.12,78.38,15.33
State_28,1979,107.88,52308.42,2.7,65.27,13.03
State_28,1980,117.99,50361.55,3.03,77.0,14.4
State_28,1981,116.27,55973.12,4.83,61.21,12.92
State_28,1982,115.66,57723.43,3.65,93.88,15.98
State_28,1983,113.41,59938.99,4.3,77.23,17.28
State_28,1984,112.42,40984.42,3.08,113.84,13.54
State_28,1985,110.26,57182.24,3.75,100.49,13.43
State_28,1986,110.44,55160.81,4.4,78.76,14.46
State_28,1987,113.08,46067.71,4.45,105.95,16.15
State_28,1988,111.82,59312.78,3.48,67.84,16.03
State_28,1989,112.7,44136.36,3.76,78.73,14.56
State_28,1990,115.84,52904.37,4.36,73.93,14.43
State_28,1991,108.32,55667.74,4.77,82.21,16.51
State_28,1992,108.77,57939.91,4.62,70.97,17.74
State_28,1993,106.01,41248.63,3.72,66.54,13.49
State_28,1994,106.92,46338.85,4.52,112.53,13.81
State_28,1995,108.56,53806.46,4.86,100.95,13.99
State_28,1996,111.38,50011.59,4.11,90.63,12.72
State_28,1997,112.93,57228.36,2.84,117.14,13.97
State_28,1998,107.98,53246.27,4.38,108.72,17.67
State_28,1999,112.13,42633.74,4.26,104.52,16.07
State_28,2000,108.26,45046.29,4.68,70.13,12.32
State_29,1970,122.0,43365.57,4.59,92.93,13.14
State_29,1971,126.18,54407.68,3.78,96.26,14.77
State_29,1972,124.15,54187.78,2.76,110.33,16.03
State_29,1973,124.14,53940.48,3.41,112.76,16.35
State_29,1974,122.33,57727.61,2.62,117.68,16.07
State_29,1975,120.19,52627.52,3.18,74.93,17.65
State_29,1976,125.95,47862.44,2.85,60.64,15.27
State_29,1977,120.76,59515.58,3.42,81.43,14.06
State_29,1978,114.76,57598.29,3.76,90.47,12.83
State_29,1979,125.74,59654.79,3.12,64.4,15.98
State_29,1980,118.24,48443.84,4.46,71.74,16.92
State_29,1981,128.12,52974.94,3.55,87.48,13.54
State_29,1982,123.12,46417.09,3.99,119.74,14.61
State_29,1983,127.81,58413.83,3.36,63.28,13.23
State_29,1984,118.61,40004.54,4.79,110.63,16.45
State_29,1985,121.6,43356.29,2.8,64.06,16.34
State_29,1986,122.45,42382.81,3.78,80.93,14.25
State_29,1987,125.02,52426.61,4.3,66.64,12.21
State_29,1988,122.46,56048.04,3.35,86.65,16.05
State_29,1989,121.41,50177.88,4.65,111.96,12.06
State_29,1990,122.12,59776.81,3.71,119.21,16.53
State_29,1991,127.25,44972.1,3.85,119.53,17.15
State_29,1992,123.59,46911.59,2.52,84.21,13.41
State_29,1993,121.02,56377.39,3.34,109.65,12.0
State_29,1994,119.5,44671.35,2.67,71.23,15.33
State_29,1995,120.31,45827.22,3.54,82.61,17.26
State_29,1996,122.62,46603.12,2.77,117.2,12.36
State_29,1997,125.4,45953.01,3.25,79.22,12.99
State_29,1998,121.48,52698.13,2.81,64.23,17.46
State_29,1999,123.49,43802.58,4.55,92.68,12.47
State_29,2000,122.0,57078.86,2.53,90.71,16.62
State_30,1970,136.75,56392.5,4.72,71.95,13.71
State_30,1971,133.78,47866.41,3.86,69.59,16.15
State_30,1972,132.19,43351.33,3.28,90.2,16.78
State_30,1973,139.2,43115.47,3.87,65.25,14.26
State_30,1974,140.97,48270.33,2.6,76.44,17.73
State_30,1975,136.91,40862.0,2.95,83.53,17.69
State_30,1976,138.8,42823.98,4.41,66.52,17.89
State_30,1977,141.75,46851.82,4.07,71.52,12.88
State_30,1978,136.36,58761.28,4.79,113.25,15.75
State_30,1979,134.55,52712.91,3.39,68.91,15.58
State_30,1980,135.22,56287.68,3.46,67.94,13.18
State_30,1981,136.44,52855.9,4.0,101.76,14.18
State_30,1982,135.96,56479.95,3.01,88.14,16.81
State_30,1983,138.3,53677.4,2.56,101.4,13.9
State_30,1984,141.93,41114.82,4.02,74.45,14.32
State_30,1985,138.16,58216.53,2.52,89.03,12.74
State_30,1986,139.22,46153.58,4.82,69.7,17.79
State_30,1987,142.25,50933.55,4.71,93.24,15.21
State_30,1988,138.09,43909.16,2.92,114.99,13.97
State_30,1989,144.73,46776.47,4.88,104.28,15.58
State_30,1990,139.04,57617.9,2.62,75.42,14.79
State_30,1991,143.48,58384.16,3.56,80.53,17.77
State_30,1992,138.99,48897.05,3.72,81.1,17.46
State_30,1993,146.27,56236.13,3.35,86.02,17.09
State_30,1994,143.17,47265.11,4.48,116.46,15.74
State_30,1995,144.58,56900.79,3.49,63.08,14.41
State_30,1996,144.34,53475.12,3.63,104.94,14.14
State_30,1997,139.31,54987.39,3.86,72.24,13.75
State_30,1998,144.43,54972.17,3.71,72.96,17.8
State_30,1999,140.56,57959.1,3.81,102.44,13.51
State_30,2000,135.69,48934.53,2.81,72.36,12.01
State_31,1970,84.61,56781.99,3.88,69.19,16.37
State_31,1971,79.08,52005.03,4.33,106.18,17.85
State_31,1972,77.35,52969.29,2.67,113.84,12.72
State_31,1973,85.81,46556.86,4.54,95.84,14.36
State_31,1974,87.0,46800.09,4.67,65.29,16.66
State_31,1975,83.53,56950.95,2.95,85.82,12.99
State_31,1976,85.02,52706.47,2.99,72.7,12.25
State_31,1977,89.87,46441.35,3.9,111.48,16.0
State_31,1978,86.41,54384.9,4.83,91.66,13.55
State_31,1979,84.68,41056.53,4.32,67.28,13.82
State_31,1980,92.67,52011.66,2.92,82.78,15.7
State_31,1981,89.26,59396.38,4.32,115.36,16.57
State_31,1982,81.97,53333.71,4.06,96.15,14.94
State_31,1983,87.22,50573.13,3.34,91.16,13.19
State_31,1984,84.8,41699.33,3.59,99.5,14.63
State_31,1985,88.17,45535.08,3.9,80.82,17.6
State_31,1986,86.95,46557.68,4.34,62.2,14.85
State_31,1987,89.68,46726.47,4.8,60.72,15.32
State_31,1988,87.19,41708.06,4.93,91.08,15.69
State_31,1989,92.91,44732.2,3.71,85.75,12.45
State_31,1990,85.94,50098.23,4.42,63.72,15.46
State_31,1991,86.54,42384.21,2.59,63.16,17.0
State_31,1992,92.19,45248.17,3.55,62.4,14.69
State_31,1993,88.3,51552.26,3.93,79.95,13.89
State_31,1994,88.4,41989.89,4.42,117.98,17.82
State_31,1995,87.07,57301.42,4.0,102.05,13.71
State_31,1996,87.62,49640.35,4.39,76.92,13.91
State_31,1997,96.53,58492.84,2.64,89.14,17.48
State_31,1998,93.15,44994.88,3.36,111.12,15.36
State_31,1999,97.27,50294.84,2.75,60.96,17.78
State_31,2000,95.06,41594.3,4.21,115.95,15.45
State_32,1970,82.67,55326.94,3.52,112.79,15.89
State_32,1971,88.37,42625.76,3.27,72.11,17.45
State_32,1972,90.09,55208.0,4.19,78.06,13.1
State_32,1973,87.22,44515.79,4.04,62.42,13.96
State_32,1974,92.62,49371.14,2.87,119.08,13.25
State_32,1975,86.94,55381.22,3.56,93.92,12.13
State_32,1976,86.78,40688.63,3.61,109.0,17.31
State_32,1977,88.15,58264.59,3.47,109.77,12.8
State_32,1978,85.38,58707.89,4.38,116.48,16.06
State_32,1979,89.68,45511.34,3.33,102.05,16.59
State_32,1980,87.53,58588.07,3.01,107.88,16.43
State_32,1981,87.62,45655.31,3.26,118.98,15.86
State_32,1982,86.28,54353.52,4.94,82.63,16.81
State_32,1983,91.37,43613.15,4.87,73.13,13.96
State_32,1984,87.69,55123.84,3.48,96.49,14.67
State_32,1985,85.78,41169.16,3.25,88.46,13.01
State_32,1986,90.6,47095.95,3.5,63.44,15.5
State_32,1987,93.45,48386.69,4.25,84.64,15.03
State_32,1988,91.45,40147.06,4.23,99.68,12.23
State_32,1989,88.96,48414.73,3.75,114.6,16.3
State_32,1990,88.42,51641.4,4.49,111.86,14.74
State_32,1991,81.52,59334.12,4.24,64.99,17.18
State_32,1992,87.1,49611.2,2.67,92.98,14.5
State_32,1993,87.95,56529.29,3.89,63.28,17.83
State_32,1994,89.7,50252.3,3.23,88.16,17.15
State_32,1995,85.94,42581.42,3.24,106.8,14.83
State_32,1996,87.03,44549.63,2.92,79.96,17.64
State_32,1997,84.9,57822.8,3.65,102.58,17.9
State_32,1998,88.76,41003.51,2.74,103.23,13.69
State_32,1999,88.7,52117.94,3.57,61.63,16.7
State_32,2000,85.71,40210.26,4.4,113.6,14.6
State_33,1970,114.81,57878.67,3.34,96.9,17.56
State_33,1971,111.35,59241.17,3.77,87.17,13.67
State_33,1972,107.16,45580.17,3.51,119.93,12.33
State_33,1973,113.9,51570.84,2.71,69.27,14.64
State_33,1974,106.96,46329.14,2.72,78.19,17.8
State_33,1975,112.29,58894.15,3.34,94.25,17.46
State_33,1976,111.09,45152.64,3.62,101.57,16.4
State_33,1977,112.11,59908.43,3.22,92.29,15.2
State_33,1978,108.49,59549.13,4.63,89.9,15.62
State_33,1979,111.0,44545.22,3.86,101.7,15.09
State_33,1980,115.85,43409.25,3.46,80.82,14.59
State_33,1981,110.15,55635.6,3.71,107.64,15.46
State_33,1982,115.19,44765.79,3.06,90.27,13.57
State_33,1983,110.31,40181.74,4.12,90.67,14.67
State_33,1984,112.15,57268.63,2.85,94.15,17.21
State_33,1985,113.34,51662.12,4.3,82.32,12.55
State_33,1986,105.13,57341.2,3.11,118.0,17.75
State_33,1987,109.19,44952.63,3.37,113.73,17.8
State_33,1988,106.22,50521.88,4.22,76.41,16.42
State_33,1989,110.08,41033.15,2.62,83.18,14.12
State_33,1990,111.56,46414.67,2.98,78.57,17.85
State_33,1991,105.86,48222.27,3.61,94.59,17.9
State_33,1992,114.17,54319.69,4.02,65.31,16.06
State_33,1993,108.48,41281.89,3.99,104.37,13.27
State_33,1994,111.38,44351.76,2.83,117.2,12.44
State_33,1995,115.4,43981.87,3.37,97.21,15.27
State_33,1996,110.63,44775.04,3.03,84.67,16.22
State_33,1997,109.72,44349.06,3.42,83.46,17.86
State_33,1998,108.33,50118.52,4.44,111.5,17.07
State_33,1999,109.05,47193.51,4.22,78.77,12.37
State_33,2000,106.55,53867.55,4.42,78.25,16.87
State_34,1970,94.89,54540.37,4.23,119.24,13.35
State_34,1971,100.85,58301.97,2.89,105.11,15.41
State_34,1972,102.38,45493.32,3.69,80.03,15.48
State_34,1973,98.05,52634.45,3.8,63.07,13.4
State_34,1974,100.37,49840.03,3.28,70.91,15.02
State_34,1975,94.01,49279.71,2.83,115.66,17.21
State_34,1976,94.91,54152.41,2.77,106.55,16.85
State_34,1977,96.18,52878.16,4.59,94.64,15.88
State_34,1978,98.23,49167.27,3.82,62.06,15.83
State_34,1979,96.97,45853.1,3.86,68.0,16.15
State_34,1980,94.9,55900.23,2.91,66.26,12.87
State_34,1981,97.52,49345.22,2.77,98.97,17.21
State_34,1982,100.41,56563.72,4.07,64.52,12.67
State_34,1983,96.0,47701.16,4.86,96.62,17.01
State_34,1984,95.33,54207.03,2.78,104.16,13.65
State_34,1985,92.96,59953.45,3.16,76.75,17.58
State_34,1986,100.79,40492.89,4.24,103.52,17.02
State_34,1987,101.08,42567.0,4.13,118.95,17.47
State_34,1988,101.02,48782.61,2.6,81.74,16.96
State_34,1989,95.9,41102.03,3.57,88.14,17.57
State_34,1990,102.54,52821.72,3.28,91.52,12.4
State_34,1991,96.75,49557.35,3.39,100.95,15.97
State_34,1992,97.62,54306.45,3.17,78.94,12.75
State_34,1993,95.93,51953.65,4.67,113.45,14.69
State_34,1994,97.19,49186.07,2.69,100.25,16.93
State_34,1995,95.43,56776.79,4.69,74.59,15.3
State_34,1996,92.26,43849.86,2.75,114.67,16.92
State_34,1997,96.13,46847.9,3.87,65.48,16.54
State_34,1998,100.27,51648.7,2.97,71.29,13.11
State_34,1999,97.07,56806.96,2.54,62.94,15.44
State_34,2000,94.79,56389.91,3.32,80.98,15.58
State_35,1970,98.69,51615.12,4.35,100.51,13.24
State_35,1971,100.36,47049.62,2.82,67.79,16.06
State_35,1972,92.45,42113.01,4.53,94.73,15.71
State_35,1973,97.0,55629.24,4.26,110.07,12.34
State_35,1974,97.23,45722.7,4.1,78.85,17.75
State_35,1975,96.38,40668.47,3.95,69.99,16.27
State_35,1976,93.15,49887.42,4.79,72.7,12.87
State_35,1977,92.5,55179.54,3.75,114.71,12.88
State_35,1978,90.47,43135.21,4.21,95.62,16.53
State_35,1979,95.92,46189.25,3.62,84.33,17.9
State_35,1980,90.52,47090.96,3.91,75.14,17.49
State_35,1981,90.2,45313.71,4.74,66.21,15.94
State_35,1982,92.9,58914.3,4.19,78.1,13.13
State_35,1983,94.23,46074.7,2.73,68.63,12.63
State_35,1984,96.55,42827.67,2.83,98.61,13.18
State_35,1985,91.13,41952.2,2.92,115.42,16.93
State_35,1986,95.95,50745.51,4.19,100.96,15.77
State_35,1987,87.84,45322.03,2.6,87.33,17.35
State_35,1988,94.99,59832.49,2.91,101.51,16.05
State_35,1989,91.82,59599.11,4.96,101.2,13.46
State_35,1990,90.23,55613.99,4.78,82.97,15.78
State_35,1991,90.9,48602.85,3.59,78.62,16.57
State_35,1992,90.6,54748.63,3.13,64.04,13.61
State_35,1993,89.58,58244.16,4.08,103.26,13.54
State_35,1994,93.99,42921.93,4.56,74.1,15.91
State_35,1995,85.07,48103.94,3.99,66.45,12.1
State_35,1996,88.34,56393.54,5.0,72.69,13.59
State_35,1997,90.09,53257.2,4.91,114.95,15.02
State_35,1998,87.32,59548.76,4.91,69.82,13.8
State_35,1999,89.17,42003.1,3.18,108.96,14.27
State_35,2000,87.17,59627.67,4.07,84.97,13.0
State_36,1970,137.18,45629.55,2.68,63.4,12.72
State_36,1971,141.54,49934.87,4.61,86.75,16.25
State_36,1972,139.97,54637.45,2.93,81.67,15.82
State_36,1973,139.16,50695.99,4.99,88.47,16.9
State_36,1974,138.11,48641.35,4.49,95.72,17.32
State_36,1975,145.32,52600.37,3.54,68.66,12.56
State_36,1976,135.89,40333.43,4.68,74.19,13.27
State_36,1977,137.89,50120.89,2.91,117.58,17.11
State_36,1978,144.16,57275.79,3.52,105.74,12.86
State_36,1979,137.39,50360.31,2.52,85.36,16.31
State_36,1980,147.92,48853.87,4.33,73.98,16.88
State_36,1981,137.22,44734.41,4.07,109.8,14.49
State_36,1982,142.72,45166.01,4.67,100.16,14.69
State_36,1983,137.33,52536.05,3.4,119.74,14.88
State_36,1984,141.69,49717.71,3.91,115.01,16.8
State_36,1985,147.3,51724.71,3.73,71.54,14.78
State_36,1986,141.08,44916.37,4.79,80.12,17.71
State_36,1987,149.09,50858.81,2.82,82.55,12.59
State_36,1988,144.31,52459.08,3.62,106.68,13.32
State_36,1989,141.86,58531.71,4.28,85.14,15.1
State_36,1990,139.55,41684.26,4.96,99.98,13.71
State_36,1991,140.44,59316.73,2.94,98.88,13.47
State_36,1992,144.01,54351.23,4.44,100.41,15.69
State_36,1993,140.08,59760.28,3.47,103.96,16.11
State_36,1994,141.42,44241.62,3.1,76.88,14.47
State_36,1995,140.17,40141.84,4.2,109.53,12.88
State_36,1996,140.43,43193.33,4.48,96.98,12.27
State_36,1997,139.88,47374.5,4.42,108.66,14.4
State_36,1998,147.44,58943.06,3.52,106.31,14.9
State_36,1999,146.22,44018.23,4.51,111.01,13.73
State_36,2000,146.59,59045.2,2.62,68.99,15.23
State_37,1970,114.66,58645.34,4.16,109.36,12.08
State_37,1971,113.81,50840.31,3.65,89.94,12.43
State_37,1972,114.83,55302.98,3.71,68.96,15.89
State_37,1973,120.8,43447.73,4.68,96.79,12.94
State_37,1974,114.96,41457.97,4.07,75.19,16.82
State_37,1975,116.65,56356.44,4.95,90.11,14.73
State_37,1976,113.41,50938.31,3.87,65.37,14.51
State_37,1977,116.3,57065.7,4.64,65.95,12.54
State_37,1978,117.0,42578.05,4.3,66.07,15.74
State_37,1979,114.22,47121.35,4.47,74.02,15.84
State_37,1980,117.76,57473.56,2.82,112.0,15.56
State_37,1981,112.61,42542.21,3.57,69.65,16.2
State_37,1982,114.38,50122.8,4.54,116.17,15.08
State_37,1983,116.48,59005.58,3.84,83.65,17.09
State_37,1984,105.94,49806.25,4.62,109.92,14.42
State_37,1985,113.4,46666.0,3.73,94.37,13.43
State_37,1986,115.74,46680.91,2.77,74.33,17.7
State_37,1987,120.39,46101.99,2.92,87.64,13.84
State_37,1988,115.96,50882.17,3.88,81.39,14.68
State_37,1989,115.79,59310.36,3.44,75.49,13.46
State_37,1990,121.04,44119.76,4.27,61.27,14.51
State_37,1991,115.6,55517.3,3.35,93.82,13.23
State_37,1992,115.4,57487.96,3.38,103.36,13.92
State_37,1993,117.8,58118.23,2.82,70.71,14.96
State_37,1994,118.68,50896.49,3.17,102.14,15.95
State_37,1995,116.13,59782.51,3.16,100.32,12.31
State_37,1996,116.96,46001.34,2.88,77.08,14.26
State_37,1997,121.37,55126.2,3.85,64.65,12.11
State_37,1998,116.39,58663.86,4.09,108.11,14.8
State_37,1999,114.43,47233.32,2.77,112.56,16.7
State_37,2000,117.3,49747.5,4.06,116.77,15.48
State_38,1970,108.58,41258.15,2.97,61.95,16.46
State_38,1971,110.11,56721.58,2.89,78.07,13.49
State_38,1972,113.12,47446.14,3.14,89.34,14.44
State_38,1973,110.0,56728.79,3.78,91.62,15.37
State_38,1974,111.79,43416.27,2.99,79.13,15.56
State_38,1975,110.12,59402.34,2.55,108.16,16.73
State_38,1976,110.08,45944.28,2.84,68.74,16.18
State_38,1977,114.14,58749.62,4.23,69.35,13.46
State_38,1978,112.08,56843.87,3.02,64.35,16.22
State_38,1979,112.23,53005.1,2.73,116.87,13.55
State_38,1980,109.19,46744.25,3.51,63.07,14.98
State_38,1981,108.68,47014.2,4.43,108.19,12.92
State_38,1982,106.28,47331.02,3.43,69.08,16.79
State_38,1983,106.2,47334.44,2.76,97.69,12.73
State_38,1984,110.45,59718.68,4.45,83.41,15.47
State_38,1985,108.7,43489.97,3.45,110.59,15.87
State_38,1986,110.67,53014.49,4.67,113.64,17.52
State_38,1987,108.12,54810.19,4.39,96.4,13.0
State_38,1988,104.86,55948.41,4.3,65.17,14.78
State_38,1989,105.78,40361.62,3.5,92.99,15.72
State_38,1990,104.0,53269.81,4.59,72.93,12.72
State_38,1991,106.2,59495.2,4.61,90.05,17.89
State_38,1992,107.04,41947.53,3.26,98.29,14.1
State_38,1993,112.82,53054.56,3.14,81.87,17.06
State_38,1994,109.54,43898.86,4.57,93.76,16.57
State_38,1995,102.92,51376.25,4.67,85.93,17.8
State_38,1996,107.41,49044.3,2.86,83.37,17.71
State_38,1997,107.53,57625.01,3.38,65.0,16.35
State_38,1998,103.68,46230.25,4.46,86.56,14.91
State_38,1999,102.93,48862.55,3.44,82.04,15.16
State_38,2000,108.24,56175.99,3.4,91.46,16.02
State_39,1970,96.6,51543.73,4.12,61.76,15.71
State_39,1971,96.88,50190.18,3.86,81.57,12.49
State_39,1972,93.27,41054.2,2.59,103.03,15.23
State_39,1973,88.55,50174.12,3.11,104.69,13.01
State_39,1974,95.12,45725.6,3.12,98.71,15.91
State_39,1975,91.42,56490.34,3.54,64.39,13.64
State_39,1976,95.54,54194.74,2.52,91.09,12.23
State_39,1977,96.09,51384.6,4.8,118.11,15.24
State_39,1978,97.1,53472.2,2.66,87.94,13.44
State_39,1979,94.78,49396.09,3.64,94.93,14.14
State_39,1980,94.87,56604.06,4.16,80.3,17.61
State_39,1981,90.91,58244.15,3.02,62.37,16.45
State_39,1982,95.26,50601.05,2.57,74.8,14.76
State_39,1983,97.14,52570.08,3.89,104.56,13.68
State_39,1984,91.77,48273.31,4.38,101.6,17.94
State_39,1985,94.56,45557.82,3.75,79.77,14.64
State_39,1986,95.32,57648.82,3.01,112.4,12.36
State_39,1987,96.39,57771.99,3.32,78.88,15.07
State_39,1988,96.58,47921.09,3.0,85.49,14.31
State_39,1989,92.46,58308.32,4.4,90.31,17.93
State_39,1990,91.42,45245.49,3.59,69.41,17.69
State_39,1991,93.2,55336.98,3.17,95.45,16.33
State_39,1992,97.86,51242.9,3.88,66.88,12.76
State_39,1993,93.35,50590.67,3.17,61.26,16.34
State_39,1994,93.22,50783.88,4.92,89.05,12.38
State_39,1995,91.56,51033.76,4.6,119.81,14.58
State_39,1996,94.58,43824.84,4.04,84.34,12.25
State_39,1997,91.73,46945.77,3.16,101.17,17.69
State_39,1998,94.85,41107.2,3.85,64.23,17.6
State_39,1999,90.49,55327.03,4.14,109.43,15.89
State_39,2000,92.26,42341.29,3.82,67.61,15.55
State_40,1970,111.37,40200.94,2.99,89.48,17.7
State_40,1971,105.32,54293.92,4.01,77.94,14.46
State_40,1972,103.4,44354.0,4.92,67.84,14.23
State_40,1973,107.22,41601.27,3.69,60.6,12.51
State_40,1974,111.07,56152.52,4.43,114.91,17.13
State_40,1975,108.31,55656.97,4.61,107.94,15.05
State_40,1976,109.8,44658.04,4.61,103.63,17.88
State_40,1977,108.13,44235.96,4.48,71.21,12.4
State_40,1978,107.86,59971.22,2.56,110.11,14.19
State_40,1979,110.19,58032.62,4.82,60.55,12.45
State_40,1980,113.28,45007.17,4.17,113.3,14.76
State_40,1981,106.09,56099.34,4.92,76.12,14.97
State_40,1982,111.09,41722.32,3.9,90.17,12.87
State_40,1983,104.11,50436.62,3.96,60.51,16.57
State_40,1984,107.96,54260.29,3.42,63.18,16.53
State_40,1985,107.08,51538.72,2.89,81.37,16.18
State_40,1986,108.47,51202.32,3.47,85.21,15.37
State_40,1987,111.58,45413.67,3.43,94.14,17.29
State_40,1988,110.95,58838.11,4.35,65.2,16.01
State_40,1989,107.94,40982.97,2.98,107.43,14.72
State_40,1990,103.06,46033.24,3.46,111.26,16.49
State_40,1991,108.74,45039.96,4.8,94.9,15.2
State_40,1992,109.52,51927.87,3.42,108.43,15.14
State_40,1993,112.81,46167.04,4.67,105.85,13.49
State_40,1994,110.9,40726.81,2.75,103.71,13.2
State_40,1995,110.88,54509.36,2.78,84.38,14.91
State_40,1996,103.87,50816.54,4.55,70.3,16.85
State_40,1997,112.53,53990.56,3.53,68.3,15.99
State_40,1998,116.51,50493.45,4.1,80.28,17.44
State_40,1999,108.69,48996.08,4.39,107.65,14.97
State_40,2000,111.66,57894.95,3.17,84.64,17.39
State_41,1970,132.57,43566.63,3.1,85.08,13.51
State_41,1971,136.33,46411.35,2.84,77.77,15.43
State_41,1972,128.07,54929.04,4.73,105.41,13.99
State_41,1973,131.86,54888.84,2.88,67.82,14.07
State_41,1974,132.41,41265.07,2.83,111.52,15.8
State_41,1975,136.53,45064.02,3.89,91.65,15.93
State_41,1976,135.99,46187.37,4.24,60.97,14.24
State_41,1977,133.42,47034.2,3.86,64.36,16.74
State_41,1978,136.7,56064.24,3.9,104.45,15.97
State_41,1979,131.54,47110.6,4.52,77.68,15.43
State_41,1980,132.83,46055.35,3.65,109.08,17.58
State_41,1981,139.18,50901.67,4.15,114.2,12.59
State_41,1982,137.41,56474.89,4.64,84.91,12.54
State_41,1983,132.28,48755.63,3.08,77.47,16.63
State_41,1984,141.06,41793.04,3.34,65.38,17.77
State_41,1985,131.14,56145.23,3.65,73.42,17.6
State_41,1986,132.6,51263.29,4.86,60.23,13.43
State_41,1987,134.32,58768.95,2.93,66.79,15.42
State_41,1988,135.57,59891.29,4.2,64.44,17.96
State_41,1989,139.29,48157.88,3.22,93.47,13.83
State_41,1990,139.68,51446.3,5.0,77.21,13.68
State_41,1991,135.57,43194.99,2.91,77.11,16.76
State_41,1992,137.53,46565.1,2.78,112.2,15.82
State_41,1993,135.42,43294.62,3.57,77.24,16.42
State_41,1994,137.23,41094.9,3.39,88.91,15.02
State_41,1995,136.49,46318.72,4.32,112.48,17.63
State_41,1996,137.9,51010.91,4.56,78.21,14.39
State_41,1997,137.85,46338.26,3.67,77.13,17.77
State_41,1998,135.01,50536.34,2.64,66.63,13.32
State_41,1999,136.13,49287.0,3.58,107.98,16.44
State_41,2000,131.6,46329.38,4.43,63.12,12.08
State_42,1970,125.29,42617.62,3.09,115.95,17.16
State_42,1971,127.25,50406.47,4.94,117.95,13.29
State_42,1972,133.27,56222.09,2.99,72.81,16.06
State_42,1973,129.75,41780.19,3.78,115.11,17.42
State_42,1974,127.22,43130.58,3.42,97.15,12.96
State_42,1975,126.6,48977.03,4.0,64.3,13.36
State_42,1976,123.75,58629.81,4.77,106.88,12.12
State_42,1977,130.91,45503.8,4.77,98.03,12.43
State_42,1978,123.19,58180.11,4.89,64.66,15.19
State_42,1979,125.04,43593.02,3.95,117.48,15.02
State_42,1980,122.87,41658.29,4.05,80.41,17.14
State_42,1981,123.58,43822.11,4.42,75.94,16.6
State_42,1982,126.72,44117.75,3.3,87.93,17.66
State_42,1983,124.62,50199.7,3.65,114.05,17.58
State_42,1984,126.35,47671.35,3.73,113.77,16.84
State_42,1985,123.16,43991.43,2.59,98.6,13.58
State_42,1986,126.25,41046.94,3.08,108.11,17.11
State_42,1987,119.69,59557.07,3.0,72.92,13.75
State_42,1988,125.91,43455.15,3.45,114.65,15.69
State_42,1989,129.51,40969.28,3.03,93.95,15.69
State_42,1990,127.04,40791.15,3.51,98.95,16.19
State_42,1991,123.21,41870.4,3.57,67.73,17.69
State_42,1992,130.69,49503.42,3.29,105.98,14.99
State_42,1993,130.29,57343.04,4.18,62.82,15.4
State_42,1994,125.65,55265.9,2.84,73.72,17.29
State_42,1995,119.53,40141.93,4.55,81.59,15.24
State_42,1996,123.5,53546.01,4.26,117.36,15.19
State_42,1997,128.95,52842.2,3.25,67.59,17.06
State_42,1998,127.0,47243.63,4.15,88.25,13.19
State_42,1999,125.46,48266.85,3.87,86.16,16.49
State_42,2000,127.76,56558.5,4.43,62.33,13.16
State_43,1970,113.08,46064.16,3.57,88.24,12.94
State_43,1971,113.32,40621.36,4.87,74.44,13.44
State_43,1972,118.12,58231.54,3.36,97.29,12.23
State_43,1973,115.56,43735.45,4.58,106.01,14.1
State_43,1974,115.08,40004.82,3.1,72.49,13.5
State_43,1975,106.74,56118.12,3.2,71.49,15.03
State_43,1976,112.61,41570.72,3.39,104.86,15.3
State_43,1977,115.65,56335.87,4.9,107.56,15.62
State_43,1978,112.55,59686.44,3.46,69.13,16.0
State_43,1979,114.52,45685.77,3.96,95.21,14.67
State_43,1980,113.28,48972.65,3.84,99.82,16.7
State_43,1981,117.25,47896.15,4.12,69.04,17.6
State_43,1982,119.68,40406.82,3.01,89.22,17.27
State_43,1983,113.37,50545.1,4.82,89.03,14.94
State_43,1984,116.48,44939.31,4.75,114.65,17.66
State_43,1985,115.32,50404.61,4.19,106.71,12.79
State_43,1986,115.08,49951.32,2.89,70.98,14.19
State_43,1987,116.91,48648.74,4.06,64.47,15.02
State_43,1988,117.78,52748.09,3.89,104.3,14.01
State_43,1989,113.33,55302.13,3.58,89.05,15.89
State_43,1990,112.85,41715.89,2.73,115.39,16.14
State_43,1991,120.52,42542.05,3.39,95.55,17.01
State_43,1992,113.61,41339.82,2.57,74.68,17.29
State_43,1993,120.26,48318.27,4.3,115.1,14.45
State_43,1994,118.69,58161.67,4.51,63.95,16.16
State_43,1995,114.57,51437.95,4.77,67.35,15.2
State_43,1996,118.29,49639.9,2.68,76.69,13.95
State_43,1997,122.15,58902.45,3.21,87.65,16.03
State_43,1998,119.35,54770.78,4.67,97.58,16.01
State_43,1999,116.01,42525.67,4.86,67.95,16.65
State_43,2000,120.64,54399.19,4.38,73.14,14.66
State_44,1970,116.74,42079.19,4.91,113.41,13.62
State_44,1971,117.46,49236.13,3.29,94.86,16.38
State_44,1972,121.35,48218.66,4.07,101.96,16.27
State_44,1973,112.51,44835.29,3.71,113.21,14.27
State_44,1974,116.83,54994.51,2.74,88.56,17.95
State_44,1975,115.76,50028.83,3.08,84.57,16.68
State_44,1976,120.02,55424.5,3.07,115.33,15.56
State_44,1977,118.32,52101.43,3.9,89.18,15.03
State_44,1978,111.2,43528.24,4.53,92.51,12.79
State_44,1979,118.08,42710.34,3.8,66.76,17.6
State_44,1980,120.21,43671.59,3.13,84.4,14.3
State_44,1981,118.22,43415.37,3.17,90.55,12.88
State_44,1982,123.28,52233.11,3.91,102.88,17.63
State_44,1983,117.54,46045.53,4.74,118.32,17.16
State_44,1984,118.21,42200.35,4.87,85.4,12.06
State_44,1985,117.73,50877.56,3.35,88.41,15.68
State_44,1986,119.44,57376.02,4.15,86.04,16.92
State_44,1987,114.41,40941.22,4.17,111.77,12.98
State_44,1988,120.79,56248.27,4.63,114.86,13.59
State_44,1989,119.29,51046.76,2.63,62.63,16.32
State_44,1990,122.23,48889.6,3.14,71.42,16.02
State_44,1991,119.51,47099.9,3.3,117.83,15.85
State_44,1992,113.42,40468.66,3.58,112.5,13.81
State_44,1993,121.43,52120.28,3.93,63.21,12.84
State_44,1994,119.95,52450.99,3.02,90.24,15.27
State_44,1995,121.46,56849.28,4.31,64.68,12.64
State_44,1996,121.11,49855.63,2.9,118.7,12.95
State_44,1997,114.63,52787.73,2.82,85.82,13.65
State_44,1998,120.98,57755.03,2.6,114.82,17.0
State_44,1999,124.67,40624.27,4.92,91.6,13.82
State_44,2000,119.9,47251.66,2.67,119.36,12.24
State_45,1970,114.62,54057.33,2.67,71.63,13.29
State_45,1971,127.76,54763.02,2.97,94.41,13.29
State_45,1972,112.67,44681.16,2.62,76.11,15.93
State_45,1973,120.01,50672.34,4.86,83.78,16.16
State_45,1974,127.6,45355.49,3.64,88.25,16.24
State_45,1975,111.95,58812.8,3.32,62.53,14.98
State_45,1976,115.32,55209.29,4.96,116.75,13.18
State_45,1977,119.56,57507.26,4.26,87.23,15.24
State_45,1978,118.82,47464.15,3.73,94.75,13.13
State_45,1979,122.56,58018.15,4.19,98.0,12.6
State_45,1980,116.11,41573.95,3.82,84.17,15.53
State_45,1981,119.7,41784.44,3.58,70.49,17.92
State_45,1982,124.38,46508.37,2.74,118.55,13.72
State_45,1983,120.64,48476.16,4.12,61.48,16.86
State_45,1984,113.52,41232.16,2.91,113.7,16.12
State_45,1985,119.65,44998.03,2.66,101.44,15.43
State_45,1986,113.59,44336.29,4.17,118.24,13.05
State_45,1987,115.1,51942.33,3.56,86.8,13.52
State_45,1988,118.5,50868.12,3.26,70.91,12.52
State_45,1989,122.57,54282.38,2.99,101.4,14.34
State_45,1990,115.9,47354.17,2.75,78.58,15.98
State_45,1991,111.19,53315.69,3.22,87.61,13.16
State_45,1992,118.06,44550.68,3.2,67.64,15.84
State_45,1993,119.16,41502.86,2.84,98.69,14.04
State_45,1994,119.93,45120.42,4.13,66.98,15.22
State_45,1995,123.74,48742.96,3.17,96.24,17.23
State_45,1996,114.23,45141.92,3.7,82.04,17.48
State_45,1997,116.92,47365.91,3.43,83.01,17.02
State_45,1998,121.9,46682.86,4.54,62.3,17.22
State_45,1999,123.01,50255.0,3.5,89.83,16.0
State_45,2000,112.29,42764.91,3.6,89.78,14.42
State_46,1970,118.69,59228.35,4.0,108.45,12.66
State_46,1971,115.72,51389.65,4.65,64.7,12.44
State_46,1972,117.5,57006.35,3.03,100.13,15.26
State_46,1973,121.07,58927.57,3.54,79.62,15.64
State_46,1974,117.34,58608.97,4.59,119.73,12.14
State_46,1975,121.24,56411.53,3.21,74.35,16.72
State_46,1976,117.74,41127.64,3.42,90.35,15.36
State_46,1977,117.87,52253.69,3.96,92.86,15.84
State_46,1978,124.31,45188.98,2.71,67.16,13.35
State_46,1979,124.01,54025.87,4.47,81.06,14.43
State_46,1980,120.25,47873.64,2.98,63.67,15.55
State_46,1981,122.31,54078.73,4.86,84.54,15.97
State_46,1982,118.57,49297.1,4.08,86.98,13.13
State_46,1983,129.82,56212.08,4.34,99.83,12.68
State_46,1984,122.74,54412.33,3.75,113.65,17.52
State_46,1985,119.68,50846.0,2.87,104.78,12.05
State_46,1986,118.83,43371.98,3.95,102.86,17.5
State_46,1987,122.95,47886.82,2.5,67.21,15.21
State_46,1988,123.5,53502.6,3.54,103.84,15.13
State_46,1989,121.31,57895.24,2.79,119.41,13.26
State_46,1990,122.03,40235.6,4.99,76.86,16.01
State_46,1991,120.64,58080.7,3.3,100.22,13.13
State_46,1992,115.96,52495.91,3.34,72.67,13.88
State_46,1993,115.32,48968.16,3.3,104.67,17.83
State_46,1994,117.84,48760.67,4.65,93.95,12.94
State_46,1995,119.95,53012.13,4.72,86.43,17.41
State_46,1996,125.36,55013.38,3.72,96.19,13.95
State_46,1997,119.11,52466.29,2.64,61.43,14.7
State_46,1998,118.52,46653.8,3.6,75.76,12.99
State_46,1999,119.8,44003.08,3.3,95.51,12.43
State_46,2000,125.19,42949.06,2.68,108.74,16.51
State_47,1970,124.36,52845.56,2.6,97.29,16.67
State_47,1971,131.49,50007.17,3.39,76.65,15.86
State_47,1972,127.71,46846.68,4.42,93.68,17.3
State_47,1973,126.76,50556.24,3.79,94.67,16.5
State_47,1974,132.68,49648.47,2.73,106.09,16.48
State_47,1975,127.66,46234.07,3.27,110.27,12.43
State_47,1976,124.95,51859.69,4.84,100.69,14.49
State_47,1977,127.71,53790.68,3.36,76.64,17.98
State_47,1978,128.45,47105.79,2.62,61.86,15.33
State_47,1979,130.21,55240.65,3.84,110.45,12.2
State_47,1980,122.61,48945.46,2.68,117.25,13.34
State_47,1981,124.65,58446.16,3.56,119.13,15.32
State_47,1982,127.95,42794.41,2.74,85.47,17.6
State_47,1983,127.62,50847.73,3.82,68.47,12.0
State_47,1984,129.13,44173.04,4.16,64.72,15.62
State_47,1985,127.83,43278.63,4.34,78.07,14.78
State_47,1986,123.76,54832.76,3.26,99.74,12.95
State_47,1987,128.47,53762.35,2.82,85.52,13.48
State_47,1988,125.0,57634.35,4.73,71.79,15.68
State_47,1989,130.31,41754.35,3.48,102.8,15.96
State_47,1990,123.47,47560.5,2.76,103.14,15.02
State_47,1991,130.4,54175.31,3.12,79.47,14.01
State_47,1992,128.14,50364.37,3.64,61.85,17.28
State_47,1993,128.25,40260.2,4.86,89.35,14.05
State_47,1994,132.3,44386.41,3.57,99.14,16.36
State_47,1995,135.07,40014.34,4.84,69.87,13.4
State_47,1996,126.42,42139.83,4.3,111.27,13.54
State_47,1997,127.67,40418.19,3.06,63.39,12.62
State_47,1998,124.39,50318.92,3.13,116.43,17.44
State_47,1999,127.84,51336.12,3.39,82.87,14.47
State_47,2000,128.0,57134.6,4.86,80.16,15.36
State_48,1970,90.84,48269.32,3.02,112.59,12.95
State_48,1971,92.24,53837.28,3.46,112.15,15.41
State_48,1972,82.53,48790.16,2.67,87.88,16.92
State_48,1973,88.53,49880.23,2.8,60.82,13.82
State_48,1974,86.15,53959.81,4.48,77.75,14.97
State_48,1975,79.42,44626.97,2.84,71.8,12.33
State_48,1976,79.88,43962.61,2.52,97.64,13.9
State_48,1977,80.65,40169.03,4.6,61.92,17.64
State_48,1978,80.15,57841.49,3.84,92.62,15.92
State_48,1979,88.83,40895.37,2.64,87.43,15.3
State_48,1980,80.27,57756.35,2.76,109.36,13.26
State_48,1981,78.91,48003.11,2.88,90.21,16.81
State_48,1982,80.77,48830.68,3.73,110.93,16.24
State_48,1983,78.27,57698.53,3.94,73.27,13.61
State_48,1984,82.99,56062.66,2.61,119.53,12.78
State_48,1985,81.64,49844.32,4.7,84.77,15.22
State_48,1986,86.68,40985.99,2.51,74.69,16.08
State_48,1987,87.95,54241.44,2.95,64.78,17.64
State_48,1988,79.28,45213.33,4.63,111.81,16.64
State_48,1989,83.47,55385.01,3.99,80.23,13.58
State_48,1990,80.9,42437.78,3.77,95.12,14.16
State_48,1991,75.24,52820.12,4.75,69.84,14.29
State_48,1992,80.54,42817.37,4.06,103.73,17.59
State_48,1993,82.02,41142.65,4.73,91.79,16.02
State_48,1994,79.47,56631.48,2.88,62.32,17.27
State_48,1995,78.89,49369.22,4.0,61.86,13.65
State_48,1996,79.87,40656.0,3.55,113.71,17.9
State_48,1997,77.73,58116.99,3.79,69.22,17.53
State_48,1998,81.93,55149.38,4.33,102.55,13.2
State_48,1999,82.49,44394.46,3.6,106.92,16.7
State_48,2000,77.25,49065.24,4.48,110.32,15.93
State_49,1970,91.54,45463.19,3.02,87.32,17.45
State_49,1971,92.52,42089.61,4.3,101.24,12.57
State_49,1972,93.81,47274.51,4.39,75.44,16.16
State_49,1973,95.63,40794.22,4.6,86.89,15.82
State_49,1974,95.24,55444.81,3.68,97.06,14.74
State_49,1975,89.77,57881.83,3.74,110.51,16.81
State_49,1976,88.61,48121.64,4.57,73.66,15.15
State_49,1977,91.34,56121.93,3.38,98.53,13.47
State_49,1978,93.15,41979.37,3.18,111.31,14.08
State_49,1979,91.78,59460.91,4.95,76.1,12.25
State_49,1980,91.05,42015.06,4.27,61.87,17.22
State_49,1981,97.64,42773.05,2.82,70.54,17.76
State_49,1982,95.0,47952.7,3.34,74.07,14.88
State_49,1983,93.81,51036.57,4.08,75.43,17.69
State_49,1984,91.77,46667.36,3.62,94.24,14.61
State_49,1985,90.64,48296.94,4.33,101.15,17.0
State_49,1986,93.41,51703.9,3.42,89.16,13.88
State_49,1987,87.12,42836.89,3.03,66.33,16.1
State_49,1988,92.45,54593.57,2.63,113.05,17.18
State_49,1989,91.55,48866.41,3.96,118.56,15.19
State_49,1990,90.22,51695.14,4.54,119.3,14.33
State_49,1991,86.85,40948.31,4.5,96.26,13.19
State_49,1992,95.83,55408.24,3.75,78.31,17.84
State_49,1993,90.48,53267.25,3.52,76.83,16.39
State_49,1994,88.45,50596.68,3.22,97.73,12.71
State_49,1995,88.74,53098.82,3.21,60.01,12.76
State_49,1996,92.39,52171.43,4.93,82.42,16.09
State_49,1997,87.93,41270.71,3.49,117.83,15.23
State_49,1998,87.95,54070.57,4.11,82.44,17.71
State_49,1999,88.68,40444.06,3.26,115.26,13.93
State_49,2000,90.32,56476.03,2.76,116.58,16.77
State_50,1970,85.93,47699.17,3.51,107.0,17.78
State_50,1971,90.35,49618.83,3.44,81.79,12.31
State_50,1972,88.08,53710.77,3.59,71.69,16.9
State_50,1973,91.07,45969.01,4.1,77.29,13.42
State_50,1974,95.63,54610.29,2.6,65.69,12.04
State_50,1975,90.19,58722.51,3.8,81.89,17.24
State_50,1976,89.85,47899.81,3.34,72.44,14.27
State_50,1977,95.19,45791.65,3.94,63.95,13.15
State_50,1978,88.35,48148.11,4.84,82.64,15.98
State_50,1979,90.33,41170.73,3.26,69.46,13.04
State_50,1980,91.04,55215.19,2.54,93.47,14.28
State_50,1981,100.86,46267.35,3.24,104.0,17.23
State_50,1982,93.3,43851.63,2.74,113.87,14.1
State_50,1983,86.34,42516.05,3.97,91.51,13.22
State_50,1984,94.92,49037.38,4.49,95.43,12.58
State_50,1985,98.25,55854.07,4.07,69.16,16.26
State_50,1986,94.2,53546.84,2.56,84.7,14.0
State_50,1987,89.72,51817.44,4.78,107.87,17.53
State_50,1988,95.14,59570.12,2.53,97.36,14.48
State_50,1989,92.04,59620.59,4.03,107.61,12.51
State_50,1990,95.23,43669.16,4.4,61.32,16.9
State_50,1991,97.46,53920.63,3.36,66.48,12.42
State_50,1992,88.94,51778.72,3.8,104.53,15.06
State_50,1993,88.23,40528.94,3.34,118.56,17.24
State_50,1994,89.69,46587.56,3.97,110.84,14.65
State_50,1995,95.56,53864.19,2.68,71.36,16.63
State_50,1996,94.22,56828.8,4.04,98.67,12.17
State_50,1997,95.76,45180.7,4.27,72.89,12.24
State_50,1998,96.09,44022.73,2.95,80.26,14.51
State_50,1999,84.8,45413.49,2.57,96.31,14.37
State_50,2000,98.28,45973.44,4.67,104.8,17.15
